-- phpMyAdmin SQL Dump
-- version 4.6.6deb5
-- https://www.phpmyadmin.net/
--
-- Host: localhost:3306
-- Generation Time: Sep 12, 2019 at 12:07 PM
-- Server version: 5.7.27-0ubuntu0.18.04.1
-- PHP Version: 7.2.19-0ubuntu0.18.04.2

SET SQL_MODE = "NO_AUTO_VALUE_ON_ZERO";
SET time_zone = "+00:00";


/*!40101 SET @OLD_CHARACTER_SET_CLIENT=@@CHARACTER_SET_CLIENT */;
/*!40101 SET @OLD_CHARACTER_SET_RESULTS=@@CHARACTER_SET_RESULTS */;
/*!40101 SET @OLD_COLLATION_CONNECTION=@@COLLATION_CONNECTION */;
/*!40101 SET NAMES utf8mb4 */;

--
-- Database: `rajandb`
--

-- --------------------------------------------------------

--
-- Table structure for table `address`
--

CREATE TABLE `address` (
  `id` int(11) NOT NULL,
  `address_contact` varchar(100) DEFAULT NULL,
  `city` varchar(50) DEFAULT NULL,
  `nation` varchar(50) DEFAULT NULL,
  `zip_code` int(200) DEFAULT NULL,
  `state` varchar(200) DEFAULT NULL,
  `description` varchar(200) DEFAULT NULL,
  `user` int(11) DEFAULT NULL
) ENGINE=InnoDB DEFAULT CHARSET=latin1;

--
-- Dumping data for table `address`
--

INSERT INTO `address` (`id`, `address_contact`, `city`, `nation`, `zip_code`, `state`, `description`, `user`) VALUES
(10, '7875', 'Pune', 'IN', 411021, 'MH', 'viman nagar pune', NULL),
(11, '7875', 'Pune', 'IN', 411021, 'MH', 'viman nagar pune', 17),
(12, '7875', 'Pune', 'IN', 411021, 'MH', 'viman nagar pune', 17),
(13, '7875', 'Pune', 'IN', 411021, 'MH', 'viman nagar pune', 17),
(14, '1212', 'Nanded', 'MH', 431715, 'MH', 'viman nagar pune', 17),
(15, '7878', 'Pune', 'In', 411021, 'MH', 'viman nagar pune', NULL),
(16, '7878', 'Pune', 'India', 411021, 'MH', 'viman nagar pune', NULL),
(17, '123456', 'Pune', 'Pune', 1, 'Mh', 'Pune', 21),
(18, '7875', 'Pune', 'In', 411014, 'Mh', 'Test', 25);

-- --------------------------------------------------------

--
-- Table structure for table `add_stock`
--

CREATE TABLE `add_stock` (
  `id` int(11) NOT NULL,
  `product` int(11) NOT NULL,
  `quantity` int(11) NOT NULL,
  `user` int(11) NOT NULL,
  `created_at` timestamp NULL DEFAULT CURRENT_TIMESTAMP
) ENGINE=InnoDB DEFAULT CHARSET=latin1;

-- --------------------------------------------------------

--
-- Table structure for table `auth_group`
--

CREATE TABLE `auth_group` (
  `id` int(11) NOT NULL,
  `name` varchar(80) NOT NULL
) ENGINE=InnoDB DEFAULT CHARSET=latin1;

-- --------------------------------------------------------

--
-- Table structure for table `auth_group_permissions`
--

CREATE TABLE `auth_group_permissions` (
  `id` int(11) NOT NULL,
  `group_id` int(11) NOT NULL,
  `permission_id` int(11) NOT NULL
) ENGINE=InnoDB DEFAULT CHARSET=latin1;

-- --------------------------------------------------------

--
-- Table structure for table `auth_permission`
--

CREATE TABLE `auth_permission` (
  `id` int(11) NOT NULL,
  `name` varchar(255) NOT NULL,
  `content_type_id` int(11) NOT NULL,
  `codename` varchar(100) NOT NULL
) ENGINE=InnoDB DEFAULT CHARSET=latin1;

--
-- Dumping data for table `auth_permission`
--

INSERT INTO `auth_permission` (`id`, `name`, `content_type_id`, `codename`) VALUES
(1, 'Can add log entry', 1, 'add_logentry'),
(2, 'Can change log entry', 1, 'change_logentry'),
(3, 'Can delete log entry', 1, 'delete_logentry'),
(4, 'Can view log entry', 1, 'view_logentry'),
(5, 'Can add user', 2, 'add_user'),
(6, 'Can change user', 2, 'change_user'),
(7, 'Can delete user', 2, 'delete_user'),
(8, 'Can view user', 2, 'view_user'),
(9, 'Can add group', 3, 'add_group'),
(10, 'Can change group', 3, 'change_group'),
(11, 'Can delete group', 3, 'delete_group'),
(12, 'Can view group', 3, 'view_group'),
(13, 'Can add permission', 4, 'add_permission'),
(14, 'Can change permission', 4, 'change_permission'),
(15, 'Can delete permission', 4, 'delete_permission'),
(16, 'Can view permission', 4, 'view_permission'),
(17, 'Can add content type', 5, 'add_contenttype'),
(18, 'Can change content type', 5, 'change_contenttype'),
(19, 'Can delete content type', 5, 'delete_contenttype'),
(20, 'Can view content type', 5, 'view_contenttype'),
(21, 'Can add session', 6, 'add_session'),
(22, 'Can change session', 6, 'change_session'),
(23, 'Can delete session', 6, 'delete_session'),
(24, 'Can view session', 6, 'view_session'),
(25, 'Can add address', 7, 'add_address'),
(26, 'Can change address', 7, 'change_address'),
(27, 'Can delete address', 7, 'delete_address'),
(28, 'Can view address', 7, 'view_address'),
(29, 'Can add address type', 8, 'add_addresstype'),
(30, 'Can change address type', 8, 'change_addresstype'),
(31, 'Can delete address type', 8, 'delete_addresstype'),
(32, 'Can view address type', 8, 'view_addresstype'),
(33, 'Can add add stock', 9, 'add_addstock'),
(34, 'Can change add stock', 9, 'change_addstock'),
(35, 'Can delete add stock', 9, 'delete_addstock'),
(36, 'Can view add stock', 9, 'view_addstock'),
(37, 'Can add branch', 10, 'add_branch'),
(38, 'Can change branch', 10, 'change_branch'),
(39, 'Can delete branch', 10, 'delete_branch'),
(40, 'Can view branch', 10, 'view_branch'),
(41, 'Can add category', 11, 'add_category'),
(42, 'Can change category', 11, 'change_category'),
(43, 'Can delete category', 11, 'delete_category'),
(44, 'Can view category', 11, 'view_category'),
(45, 'Can add customer', 12, 'add_customer'),
(46, 'Can change customer', 12, 'change_customer'),
(47, 'Can delete customer', 12, 'delete_customer'),
(48, 'Can view customer', 12, 'view_customer'),
(49, 'Can add orders', 13, 'add_orders'),
(50, 'Can change orders', 13, 'change_orders'),
(51, 'Can delete orders', 13, 'delete_orders'),
(52, 'Can view orders', 13, 'view_orders'),
(53, 'Can add orders items', 14, 'add_ordersitems'),
(54, 'Can change orders items', 14, 'change_ordersitems'),
(55, 'Can delete orders items', 14, 'delete_ordersitems'),
(56, 'Can view orders items', 14, 'view_ordersitems'),
(57, 'Can add payment', 15, 'add_payment'),
(58, 'Can change payment', 15, 'change_payment'),
(59, 'Can delete payment', 15, 'delete_payment'),
(60, 'Can view payment', 15, 'view_payment'),
(61, 'Can add payment and order', 16, 'add_paymentandorder'),
(62, 'Can change payment and order', 16, 'change_paymentandorder'),
(63, 'Can delete payment and order', 16, 'delete_paymentandorder'),
(64, 'Can view payment and order', 16, 'view_paymentandorder'),
(65, 'Can add product', 17, 'add_product'),
(66, 'Can change product', 17, 'change_product'),
(67, 'Can delete product', 17, 'delete_product'),
(68, 'Can view product', 17, 'view_product'),
(69, 'Can add tax', 18, 'add_tax'),
(70, 'Can change tax', 18, 'change_tax'),
(71, 'Can delete tax', 18, 'delete_tax'),
(72, 'Can view tax', 18, 'view_tax'),
(73, 'Can add cart', 19, 'add_cart'),
(74, 'Can change cart', 19, 'change_cart'),
(75, 'Can delete cart', 19, 'delete_cart'),
(76, 'Can view cart', 19, 'view_cart'),
(77, 'Can add item', 20, 'add_item'),
(78, 'Can change item', 20, 'change_item'),
(79, 'Can delete item', 20, 'delete_item'),
(80, 'Can view item', 20, 'view_item');

-- --------------------------------------------------------

--
-- Table structure for table `auth_user`
--

CREATE TABLE `auth_user` (
  `id` int(11) NOT NULL,
  `password` varchar(128) NOT NULL,
  `last_login` datetime(6) DEFAULT NULL,
  `is_superuser` tinyint(1) NOT NULL,
  `username` varchar(150) NOT NULL,
  `first_name` varchar(30) NOT NULL,
  `last_name` varchar(150) NOT NULL,
  `email` varchar(254) NOT NULL,
  `is_staff` tinyint(1) NOT NULL,
  `is_active` tinyint(1) NOT NULL,
  `date_joined` datetime(6) NOT NULL
) ENGINE=InnoDB DEFAULT CHARSET=latin1;

--
-- Dumping data for table `auth_user`
--

INSERT INTO `auth_user` (`id`, `password`, `last_login`, `is_superuser`, `username`, `first_name`, `last_name`, `email`, `is_staff`, `is_active`, `date_joined`) VALUES
(1, 'pbkdf2_sha256$120000$zQZH19PhgS9e$ux0+mYvhsSscrt7WzRNv5RB4UGn9zPtGaD1/PCSHq8s=', '2019-06-29 10:08:10.373119', 1, 'mahesh', '', '', 'maheshlangote10@gmail.com', 1, 1, '2019-02-23 15:00:56.321805'),
(2, 'pbkdf2_sha256$120000$8pcYgPzSNnPQ$KCcRtuAq2TdLPJ7zq4DMU3dC8sOTf3WQZLYRjFPmAhc=', NULL, 0, 'vikas', 'chaurpagar', 'vikas', 'vikas@gmail.com', 0, 1, '2019-02-23 16:28:23.325721'),
(3, 'pbkdf2_sha256$120000$eunT7Mnbfrf1$3TMCRc5BCwCvTYLudox1ARW3AH+QoUJhq/GknebKxMs=', NULL, 0, 'yashu', 'pachpute', 'yashashri', 'yashu@gmail.com', 0, 1, '2019-02-23 19:02:24.628778'),
(4, 'pbkdf2_sha256$120000$Z7HfA462febr$b79bwJNJJTc8MRubSjzLiboJPxBHcgLNblrJYcd9SvE=', NULL, 0, 'ajay123', 'ajay', 'desai', 'desai@gmail.com', 0, 1, '2019-05-01 10:04:13.550357'),
(5, 'pbkdf2_sha256$120000$tQCE56csjKWC$DxSW2vLNluyzbfA9/XedK4FO4bRBzbMPeqw/NVlq0yA=', NULL, 0, 'ganesh123', 'ganesh', 'rodge', 'ganu@gmail.com', 0, 1, '2019-05-01 10:08:32.222209'),
(6, 'pbkdf2_sha256$120000$YrAgGth6k7XQ$NdkX0teCNgz1EH1MfaWXC0aduSgMFAw4jUG2Lnv16II=', NULL, 0, 'harsha', 'hasrha', 'Patle', 'harsh@gmail.com', 0, 1, '2019-05-01 10:10:32.403958'),
(7, 'pbkdf2_sha256$120000$diC2dvkffrTl$n1t7yEsg1ruq0Vdz2FIudxZlPDWn6dWxtIk/5ZzKbMM=', NULL, 0, 'komal123', 'komal', 'wapte', 'waptek@gmail.com', 0, 1, '2019-05-01 10:15:55.393985'),
(8, 'pbkdf2_sha256$120000$iUc2hXzKg6ZX$zpwdFIdEGY4lmwOiYzeZMCabWkDgbKWn5HICJHn0Hs4=', '2019-05-01 10:29:55.831197', 0, 'chetan123', 'chetan', 'ghadwaje', 'chetan@gmail.com', 0, 1, '2019-05-01 10:29:55.308895'),
(9, 'pbkdf2_sha256$120000$XfOysePqpoQr$MGFsyLoqzbmJN2xYjhjRoauJpG6jWyMfo0I4uricXzs=', '2019-05-01 10:39:14.809316', 0, 'vikas123', 'vikaschaurpagarn', 'vikas', 'chaurpagar@gmail.com', 0, 1, '2019-05-01 10:39:14.381323'),
(10, 'pbkdf2_sha256$120000$wj8rKJPAfbAP$fBhrmBppzdesnclqnboDvurZ0DUt5DFgKO/eeiDFrSs=', '2019-05-04 08:31:16.016139', 0, 'nilesh', 'nilesh', 'biradar', 'nileshbirdara@gmail.com', 0, 1, '2019-05-04 08:31:15.566899'),
(11, 'pbkdf2_sha256$120000$MXLFBGMEpFlD$lyAsgXURQKur+vNQ7+u79O6yQffihB4KiuEpBy/qjJY=', '2019-05-04 10:37:32.537417', 0, 'sammahesh', 'sam', 'langote', 'samlangote@gmail.com', 0, 1, '2019-05-04 10:37:32.111153'),
(12, 'pbkdf2_sha256$120000$VDIyaoR6jd7f$cSQmerRp7tchhrX/y4dFv2jMcYwJEBk9NfSDUs7mzGA=', '2019-05-09 16:16:53.375388', 0, 'suhash123', 'suhash', 'langote', 'suhash@gmail.com', 0, 1, '2019-05-09 16:16:52.834653'),
(13, 'pbkdf2_sha256$120000$Wd33nxCxSNgk$ghCwR5p85G4quzyc+8ZS2VG5dYDUqHrH0knoQDioEz8=', '2019-05-11 18:18:58.516071', 0, 'sam1234', 'sam', 'sam', 'sam@gmail.com', 0, 1, '2019-05-11 18:18:57.901290'),
(14, 'pbkdf2_sha256$120000$2aV92Pye48Q6$JbSC1tzHS5sDLWl9qnMcqGemoMlNsVs06W3uGFhKX8E=', '2019-05-12 06:01:51.934648', 0, 'nilesh143', 'nilesh', 'Biradar', 'nilu@gmail.com', 0, 1, '2019-05-12 05:59:41.062465'),
(15, 'pbkdf2_sha256$120000$L3la9NkyXxWI$37+YRpXAzyyH+GkwDCfUv2+MCdDXeb+9NPB2L54rgB0=', '2019-05-12 07:36:22.043724', 0, 'param143', 'param', 'biradar', 'param@gmail.com', 0, 1, '2019-05-12 06:03:48.575033'),
(16, 'pbkdf2_sha256$120000$15il3kLfCNh4$uzpOO8quvvi9tGkkhN1KiOjFhq+fzWyk/Bivhdev1O4=', '2019-06-08 10:18:57.938527', 0, 'anil123', 'anil', 'misal', 'anil@gmail.com', 0, 1, '2019-06-02 02:44:00.745311'),
(17, 'pbkdf2_sha256$120000$KamGo4HAp5d6$5L93xqgRVSrJn81U+A3XjZoXsx0msu0NySjhbLykQBE=', '2019-07-21 05:49:40.026008', 0, 'rajan', 'rajan', 'store', 'rajan@gmail.com', 0, 1, '2019-07-21 05:45:48.730937'),
(18, 'pbkdf2_sha256$120000$EC3PX7tBXUvM$o3uPZSsDQINHFJsNG4WjYHU1JmszBic56MK+bepKaQg=', '2019-09-09 12:51:24.174933', 1, 'rajanstore', '', '', 'rajanstore11@gmail.com', 1, 1, '2019-08-11 10:32:30.917873'),
(19, 'pbkdf2_sha256$120000$tOCrMJhc4Ver$GE7qC+ZY+/0Ilx7u3sG7luLgCI9IDAsaIJqfQX66Xc8=', '2019-08-21 18:37:38.509483', 0, 'ganeshrodge', 'Ganesh', 'Rodge', 'ganeshrodge3@gmail.com', 0, 1, '2019-08-21 18:37:38.255800'),
(20, 'pbkdf2_sha256$120000$h0dwQPZjpgDG$xdI++x/kK7ZF7D78s5x44cp53nRKiHOjofQXjvA/YN8=', '2019-08-25 17:08:42.379684', 0, '9766124649', 'Abhilash', 'Patwari', 'patwariabhi@gmail.com', 0, 1, '2019-08-25 17:08:42.183884'),
(21, 'pbkdf2_sha256$120000$yhyni1msKlkW$xXIU30On4eYa4ywA2it0LTOCts+2XrlWQQlfJxe5I10=', '2019-08-28 06:25:34.744576', 0, 'test', 'Test', 'Test', 'test@test.com', 0, 1, '2019-08-28 06:22:26.709757'),
(22, 'pbkdf2_sha256$120000$FrVbWUrWWDmk$Rb7j57/lpPxyxuLjC+k5y/yZnF6LBAJFMQ9uzgYSCRc=', '2019-09-07 15:38:50.932964', 0, 'shruthi', 'Shruthi', 'Iyer', 'shruiyer516@gmail.com', 0, 1, '2019-09-07 15:38:50.678529'),
(23, 'pbkdf2_sha256$120000$p3EoBayps7G3$24kEDD+h/34o2ozZyqa1dkTPcZRDNvx1do6ito55HEw=', '2019-09-09 18:18:33.744805', 0, 'rahulp', 'Rahul', 'parge', 'rahul.parge9@gmail.com', 0, 1, '2019-09-07 17:05:44.353105'),
(24, 'pbkdf2_sha256$120000$tlp0q65V3rDD$2uJkzdj0VYCNmBRSzjjPuFyEEkoISBB2O0XYxk6u0wQ=', '2019-09-09 19:03:23.789613', 0, 'shre', 'SHRUSHRE', 'IYER', 'hari.akila10@gmail.com', 0, 1, '2019-09-09 01:49:40.866636'),
(25, 'pbkdf2_sha256$120000$fz87T669EjsD$hLYP1loAAvWHByFkb2hH9DpJweYNI/Ld5R+F6NCyVw4=', '2019-09-09 16:53:52.123009', 0, 'vishal123', 'Vishal', 'Shelke', 'vishal@gmail.com', 0, 1, '2019-09-09 16:39:09.019761'),
(26, 'pbkdf2_sha256$120000$fP5nNHgSKZ97$GqRHlmxymHqh0hdGO5tCF91eGJA0hCX38VsUyHneKgs=', '2019-09-10 03:22:47.571328', 0, 'rodgeganesh10@gmail.com', 'Ganesh', 'Rodge', 'rodgeganesh10@gmail.com', 0, 1, '2019-09-10 03:22:47.369470');

-- --------------------------------------------------------

--
-- Table structure for table `auth_user_groups`
--

CREATE TABLE `auth_user_groups` (
  `id` int(11) NOT NULL,
  `user_id` int(11) NOT NULL,
  `group_id` int(11) NOT NULL
) ENGINE=InnoDB DEFAULT CHARSET=latin1;

-- --------------------------------------------------------

--
-- Table structure for table `auth_user_user_permissions`
--

CREATE TABLE `auth_user_user_permissions` (
  `id` int(11) NOT NULL,
  `user_id` int(11) NOT NULL,
  `permission_id` int(11) NOT NULL
) ENGINE=InnoDB DEFAULT CHARSET=latin1;

-- --------------------------------------------------------

--
-- Table structure for table `branch`
--

CREATE TABLE `branch` (
  `branch_code` int(11) NOT NULL,
  `name` varchar(200) DEFAULT NULL
) ENGINE=InnoDB DEFAULT CHARSET=latin1;

--
-- Dumping data for table `branch`
--

INSERT INTO `branch` (`branch_code`, `name`) VALUES
(2, 'Khadki'),
(3, 'Aundh'),
(4, 'Vishranthwadi'),
(5, 'Home');

-- --------------------------------------------------------

--
-- Table structure for table `cart`
--

CREATE TABLE `cart` (
  `id` int(11) NOT NULL,
  `user` int(11) DEFAULT NULL,
  `count` int(11) DEFAULT NULL,
  `total` varchar(200) DEFAULT NULL
) ENGINE=InnoDB DEFAULT CHARSET=latin1;

--
-- Dumping data for table `cart`
--

INSERT INTO `cart` (`id`, `user`, `count`, `total`) VALUES
(1, 15, 0, '0.00'),
(2, 16, 0, '0.00');

-- --------------------------------------------------------

--
-- Table structure for table `category`
--

CREATE TABLE `category` (
  `id` int(11) NOT NULL,
  `name` varchar(200) DEFAULT NULL
) ENGINE=InnoDB DEFAULT CHARSET=latin1;

--
-- Dumping data for table `category`
--

INSERT INTO `category` (`id`, `name`) VALUES
(9, 'Home Made'),
(10, 'Malayalan/ Tamil Magzine'),
(11, 'Beuty Products'),
(12, 'Coffee / Tea Products'),
(13, 'Indian Masala'),
(14, 'Vegetables'),
(15, 'Snacks'),
(17, 'South special');

-- --------------------------------------------------------

--
-- Table structure for table `customer`
--

CREATE TABLE `customer` (
  `user` int(11) NOT NULL,
  `contact` varchar(100) DEFAULT NULL
) ENGINE=InnoDB DEFAULT CHARSET=latin1;

--
-- Dumping data for table `customer`
--

INSERT INTO `customer` (`user`, `contact`) VALUES
(7, '45'),
(8, '123'),
(9, '8001'),
(10, '7875'),
(11, '7875'),
(12, '7875217474'),
(13, '12345'),
(14, '123456789'),
(15, '1234567890'),
(16, '12'),
(17, '7875'),
(19, '9673763071'),
(20, '9766124649'),
(21, '9999999999'),
(22, '9623467744'),
(23, '9975803019'),
(24, '9527855587'),
(25, '7875217474'),
(26, '9021611745');

-- --------------------------------------------------------

--
-- Table structure for table `django_admin_log`
--

CREATE TABLE `django_admin_log` (
  `id` int(11) NOT NULL,
  `action_time` datetime(6) NOT NULL,
  `object_id` longtext,
  `object_repr` varchar(200) NOT NULL,
  `action_flag` smallint(5) UNSIGNED NOT NULL,
  `change_message` longtext NOT NULL,
  `content_type_id` int(11) DEFAULT NULL,
  `user_id` int(11) NOT NULL
) ENGINE=InnoDB DEFAULT CHARSET=latin1;

-- --------------------------------------------------------

--
-- Table structure for table `django_content_type`
--

CREATE TABLE `django_content_type` (
  `id` int(11) NOT NULL,
  `app_label` varchar(100) NOT NULL,
  `model` varchar(100) NOT NULL
) ENGINE=InnoDB DEFAULT CHARSET=latin1;

--
-- Dumping data for table `django_content_type`
--

INSERT INTO `django_content_type` (`id`, `app_label`, `model`) VALUES
(1, 'admin', 'logentry'),
(3, 'auth', 'group'),
(4, 'auth', 'permission'),
(2, 'auth', 'user'),
(5, 'contenttypes', 'contenttype'),
(7, 'rajanstoreadmin', 'address'),
(8, 'rajanstoreadmin', 'addresstype'),
(9, 'rajanstoreadmin', 'addstock'),
(10, 'rajanstoreadmin', 'branch'),
(19, 'rajanstoreadmin', 'cart'),
(11, 'rajanstoreadmin', 'category'),
(12, 'rajanstoreadmin', 'customer'),
(20, 'rajanstoreadmin', 'item'),
(13, 'rajanstoreadmin', 'orders'),
(14, 'rajanstoreadmin', 'ordersitems'),
(15, 'rajanstoreadmin', 'payment'),
(16, 'rajanstoreadmin', 'paymentandorder'),
(17, 'rajanstoreadmin', 'product'),
(18, 'rajanstoreadmin', 'tax'),
(6, 'sessions', 'session');

-- --------------------------------------------------------

--
-- Table structure for table `django_migrations`
--

CREATE TABLE `django_migrations` (
  `id` int(11) NOT NULL,
  `app` varchar(255) NOT NULL,
  `name` varchar(255) NOT NULL,
  `applied` datetime(6) NOT NULL
) ENGINE=InnoDB DEFAULT CHARSET=latin1;

--
-- Dumping data for table `django_migrations`
--

INSERT INTO `django_migrations` (`id`, `app`, `name`, `applied`) VALUES
(1, 'contenttypes', '0001_initial', '2019-02-22 18:16:20.937738'),
(2, 'auth', '0001_initial', '2019-02-22 18:16:31.356211'),
(3, 'admin', '0001_initial', '2019-02-22 18:16:33.796275'),
(4, 'admin', '0002_logentry_remove_auto_add', '2019-02-22 18:16:33.888689'),
(5, 'admin', '0003_logentry_add_action_flag_choices', '2019-02-22 18:16:33.947647'),
(6, 'contenttypes', '0002_remove_content_type_name', '2019-02-22 18:16:35.254991'),
(7, 'auth', '0002_alter_permission_name_max_length', '2019-02-22 18:16:35.417109'),
(8, 'auth', '0003_alter_user_email_max_length', '2019-02-22 18:16:35.606208'),
(9, 'auth', '0004_alter_user_username_opts', '2019-02-22 18:16:35.694421'),
(10, 'auth', '0005_alter_user_last_login_null', '2019-02-22 18:16:36.315951'),
(11, 'auth', '0006_require_contenttypes_0002', '2019-02-22 18:16:36.361586'),
(12, 'auth', '0007_alter_validators_add_error_messages', '2019-02-22 18:16:36.437419'),
(13, 'auth', '0008_alter_user_username_max_length', '2019-02-22 18:16:36.600550'),
(14, 'auth', '0009_alter_user_last_name_max_length', '2019-02-22 18:16:36.769179'),
(15, 'sessions', '0001_initial', '2019-02-22 18:16:37.591114'),
(16, 'rajanstoreadmin', '0001_initial', '2019-04-16 16:37:38.476795');

-- --------------------------------------------------------

--
-- Table structure for table `django_session`
--

CREATE TABLE `django_session` (
  `session_key` varchar(40) NOT NULL,
  `session_data` longtext NOT NULL,
  `expire_date` datetime(6) NOT NULL
) ENGINE=InnoDB DEFAULT CHARSET=latin1;

--
-- Dumping data for table `django_session`
--

INSERT INTO `django_session` (`session_key`, `session_data`, `expire_date`) VALUES
('00mcuyzmf8beru8gc4dkpvs9jsgtl4j3', 'NGE0ZDdiNWU5N2VkYTk0M2EzMDM3MzNiZTI1NTEzMjBkZTkwYzdkOTp7ImNhcnQiOnt9fQ==', '2019-09-09 12:40:14.210642'),
('01881hyux2mg8ocogj1b4km1ry2swu32', 'NGE0ZDdiNWU5N2VkYTk0M2EzMDM3MzNiZTI1NTEzMjBkZTkwYzdkOTp7ImNhcnQiOnt9fQ==', '2019-09-10 15:15:23.039300'),
('0300mb495hdgrbf076e0c75pkx7kmklg', 'NGE0ZDdiNWU5N2VkYTk0M2EzMDM3MzNiZTI1NTEzMjBkZTkwYzdkOTp7ImNhcnQiOnt9fQ==', '2019-09-16 06:15:09.382989'),
('05lscfe1vpjf5254hr3x3shpbthm3jnq', 'NGE0ZDdiNWU5N2VkYTk0M2EzMDM3MzNiZTI1NTEzMjBkZTkwYzdkOTp7ImNhcnQiOnt9fQ==', '2019-09-13 20:09:43.390235'),
('05tduixofr503lxknayhftlvkqjgkye3', 'NGE0ZDdiNWU5N2VkYTk0M2EzMDM3MzNiZTI1NTEzMjBkZTkwYzdkOTp7ImNhcnQiOnt9fQ==', '2019-09-18 18:21:34.715884'),
('08nhvnucc9l282mrd6hyhryap8itmp87', 'NGE0ZDdiNWU5N2VkYTk0M2EzMDM3MzNiZTI1NTEzMjBkZTkwYzdkOTp7ImNhcnQiOnt9fQ==', '2019-09-15 21:27:07.080199'),
('09ejz8e7i1aw5goxpamy4jeg0llduqir', 'NGE0ZDdiNWU5N2VkYTk0M2EzMDM3MzNiZTI1NTEzMjBkZTkwYzdkOTp7ImNhcnQiOnt9fQ==', '2019-09-04 15:32:49.469136'),
('0bn78tuy1egmtig4uc7a02t2ly18by16', 'NGE0ZDdiNWU5N2VkYTk0M2EzMDM3MzNiZTI1NTEzMjBkZTkwYzdkOTp7ImNhcnQiOnt9fQ==', '2019-09-16 08:50:11.557982'),
('0gzq6hicp3d79dm8b0apcfx5affe446l', 'NGE0ZDdiNWU5N2VkYTk0M2EzMDM3MzNiZTI1NTEzMjBkZTkwYzdkOTp7ImNhcnQiOnt9fQ==', '2019-09-18 11:26:26.545887'),
('0hiqn5pz4utrwu0rc4lwnitm0vdvwlbn', 'NGE0ZDdiNWU5N2VkYTk0M2EzMDM3MzNiZTI1NTEzMjBkZTkwYzdkOTp7ImNhcnQiOnt9fQ==', '2019-09-10 19:11:27.887204'),
('0if9ievku1nlx4y4q93njn7wa114lflz', 'NGE0ZDdiNWU5N2VkYTk0M2EzMDM3MzNiZTI1NTEzMjBkZTkwYzdkOTp7ImNhcnQiOnt9fQ==', '2019-09-15 19:09:03.897565'),
('0j5z24m9j5m27gjyylihxj2x4kk1cnf2', 'NGE0ZDdiNWU5N2VkYTk0M2EzMDM3MzNiZTI1NTEzMjBkZTkwYzdkOTp7ImNhcnQiOnt9fQ==', '2019-09-23 18:43:59.243330'),
('0j6qpcd9oe87zu1x6igrnpqzj91gbuat', 'NGE0ZDdiNWU5N2VkYTk0M2EzMDM3MzNiZTI1NTEzMjBkZTkwYzdkOTp7ImNhcnQiOnt9fQ==', '2019-09-21 10:27:26.791429'),
('0lp87437v61jzvfu0k0lgt69j7az4yzg', 'NGE0ZDdiNWU5N2VkYTk0M2EzMDM3MzNiZTI1NTEzMjBkZTkwYzdkOTp7ImNhcnQiOnt9fQ==', '2019-09-22 20:16:13.984615'),
('0m8zo3z66pdiihoa33odudfmbbsr0foj', 'NGE0ZDdiNWU5N2VkYTk0M2EzMDM3MzNiZTI1NTEzMjBkZTkwYzdkOTp7ImNhcnQiOnt9fQ==', '2019-09-04 22:05:23.759247'),
('0mkv7jzgcjzp9y7f1cx5csr4414vdqlk', 'NGE0ZDdiNWU5N2VkYTk0M2EzMDM3MzNiZTI1NTEzMjBkZTkwYzdkOTp7ImNhcnQiOnt9fQ==', '2019-09-25 07:50:52.581443'),
('0o9xx1pu0cguuhngeaxouxnxe8o7wcwp', 'NGE0ZDdiNWU5N2VkYTk0M2EzMDM3MzNiZTI1NTEzMjBkZTkwYzdkOTp7ImNhcnQiOnt9fQ==', '2019-09-01 15:19:37.605404'),
('0okg66gg97udkpx4yohu7p8l3uyzm4tt', 'NGE0ZDdiNWU5N2VkYTk0M2EzMDM3MzNiZTI1NTEzMjBkZTkwYzdkOTp7ImNhcnQiOnt9fQ==', '2019-09-25 14:22:07.689121'),
('0otycp9hci3o58573grnift2nmjdyd8p', 'NGE0ZDdiNWU5N2VkYTk0M2EzMDM3MzNiZTI1NTEzMjBkZTkwYzdkOTp7ImNhcnQiOnt9fQ==', '2019-09-11 20:53:08.894957'),
('0t4tcvunb81b7gt0ahnji54utcf9ozur', 'NGE0ZDdiNWU5N2VkYTk0M2EzMDM3MzNiZTI1NTEzMjBkZTkwYzdkOTp7ImNhcnQiOnt9fQ==', '2019-09-01 18:22:22.819525'),
('0tafsnbqmb41hje08ojcnbfjpl86wpso', 'NGE0ZDdiNWU5N2VkYTk0M2EzMDM3MzNiZTI1NTEzMjBkZTkwYzdkOTp7ImNhcnQiOnt9fQ==', '2019-09-11 20:52:16.857602'),
('0twnhgf9esnac574g22os3h2ja6t29t7', 'NGE0ZDdiNWU5N2VkYTk0M2EzMDM3MzNiZTI1NTEzMjBkZTkwYzdkOTp7ImNhcnQiOnt9fQ==', '2019-08-25 11:28:21.224814'),
('0ujm2mnver25qg9diy3cxj83341tabls', 'NGE0ZDdiNWU5N2VkYTk0M2EzMDM3MzNiZTI1NTEzMjBkZTkwYzdkOTp7ImNhcnQiOnt9fQ==', '2019-09-10 06:28:09.891573'),
('0w4ecsvbfimz6oerlcoet6tb5f80om13', 'NGE0ZDdiNWU5N2VkYTk0M2EzMDM3MzNiZTI1NTEzMjBkZTkwYzdkOTp7ImNhcnQiOnt9fQ==', '2019-09-23 08:36:31.022203'),
('0xqnee1vn4m4ihwcidmb0a87noet9c6z', 'NGE0ZDdiNWU5N2VkYTk0M2EzMDM3MzNiZTI1NTEzMjBkZTkwYzdkOTp7ImNhcnQiOnt9fQ==', '2019-09-23 12:21:20.778571'),
('0y3ro9w1xfb4fj742wl7j49e5d95bc87', 'NGE0ZDdiNWU5N2VkYTk0M2EzMDM3MzNiZTI1NTEzMjBkZTkwYzdkOTp7ImNhcnQiOnt9fQ==', '2019-09-23 16:56:23.920527'),
('0yop8qdjoq4a8pi8hbk22i2gve4nafsu', 'NGE0ZDdiNWU5N2VkYTk0M2EzMDM3MzNiZTI1NTEzMjBkZTkwYzdkOTp7ImNhcnQiOnt9fQ==', '2019-09-15 01:50:36.771157'),
('11iwhg8czzwhx6n8j4ml9bxa6o8gutp8', 'NGE0ZDdiNWU5N2VkYTk0M2EzMDM3MzNiZTI1NTEzMjBkZTkwYzdkOTp7ImNhcnQiOnt9fQ==', '2019-09-23 16:57:06.904514'),
('11ukmwai816ibxruoa1rmuufe4mci3n2', 'NGE0ZDdiNWU5N2VkYTk0M2EzMDM3MzNiZTI1NTEzMjBkZTkwYzdkOTp7ImNhcnQiOnt9fQ==', '2019-09-01 11:04:33.358695'),
('13km543tpqpck84m1i2hpkxgyotdzokr', 'NGE0ZDdiNWU5N2VkYTk0M2EzMDM3MzNiZTI1NTEzMjBkZTkwYzdkOTp7ImNhcnQiOnt9fQ==', '2019-09-21 06:24:56.903880'),
('157064zrhy7ilml2p2axjxb83ri4nb1s', 'ODNmODIzMDU0ZWE1OWE2OTNhNTg5MGVkOTkzOTQzN2U1NzRmMWI2MDp7Il9hdXRoX3VzZXJfYmFja2VuZCI6ImRqYW5nby5jb250cmliLmF1dGguYmFja2VuZHMuTW9kZWxCYWNrZW5kIiwiX2F1dGhfdXNlcl9oYXNoIjoiOThiNjYxOWNmYjk4NTlkMWZiYjI3MzJhYjRhMzkxNTA5ZGVkNTNkMCIsIl9hdXRoX3VzZXJfaWQiOiIxNSIsImZvcm1fZGF0YSI6eyJjc3JmbWlkZGxld2FyZXRva2VuIjoiVXNhT2pibTQyTUM2Vm54UlVaOHVTSW50NnoyQVBoZmt2THgzWEU1Y2FUeHp5cktVaHNWUnJsUEVIa1BZUFBYRCIsImVtYWlsIjoicGFyYW1AZ21haWwuY29tIiwicGFzc3dvcmQiOiJSZWRieXRlc0AxMjMifX0=', '2019-05-26 07:36:22.090268'),
('1bkomrqvt51qjqzzq81ifkrsh1mmfdbq', 'NGE0ZDdiNWU5N2VkYTk0M2EzMDM3MzNiZTI1NTEzMjBkZTkwYzdkOTp7ImNhcnQiOnt9fQ==', '2019-09-14 00:35:01.470456'),
('1ck1fpiwt2i556kl083t2yudnqe1y9y5', 'NGE0ZDdiNWU5N2VkYTk0M2EzMDM3MzNiZTI1NTEzMjBkZTkwYzdkOTp7ImNhcnQiOnt9fQ==', '2019-09-25 13:20:56.572437'),
('1cpoau23j72a2lnjkzi9e311vvsyrito', 'NGE0ZDdiNWU5N2VkYTk0M2EzMDM3MzNiZTI1NTEzMjBkZTkwYzdkOTp7ImNhcnQiOnt9fQ==', '2019-09-09 03:25:50.626477'),
('1d1qemq000hps22304wx9175x7gtpm1r', 'NGE0ZDdiNWU5N2VkYTk0M2EzMDM3MzNiZTI1NTEzMjBkZTkwYzdkOTp7ImNhcnQiOnt9fQ==', '2019-09-03 21:47:59.587732'),
('1dbp81f8qevz9i0h5xtugnvmjbmzx7wc', 'NGE0ZDdiNWU5N2VkYTk0M2EzMDM3MzNiZTI1NTEzMjBkZTkwYzdkOTp7ImNhcnQiOnt9fQ==', '2019-09-04 01:27:57.550146'),
('1e7nweamw7x32u4dv92j2mxwownsduup', 'NGE0ZDdiNWU5N2VkYTk0M2EzMDM3MzNiZTI1NTEzMjBkZTkwYzdkOTp7ImNhcnQiOnt9fQ==', '2019-09-22 09:58:21.698003'),
('1ebk9n3rey0ml33l2gyhy9icbxaa8gts', 'NGE0ZDdiNWU5N2VkYTk0M2EzMDM3MzNiZTI1NTEzMjBkZTkwYzdkOTp7ImNhcnQiOnt9fQ==', '2019-09-23 08:21:13.890310'),
('1ep17spq24f85ij1na52wx6uim0u2zf1', 'NGE0ZDdiNWU5N2VkYTk0M2EzMDM3MzNiZTI1NTEzMjBkZTkwYzdkOTp7ImNhcnQiOnt9fQ==', '2019-09-12 01:39:36.465380'),
('1j43c7bjdxanlan3lszlvqs8lwy7yz02', 'NGE0ZDdiNWU5N2VkYTk0M2EzMDM3MzNiZTI1NTEzMjBkZTkwYzdkOTp7ImNhcnQiOnt9fQ==', '2019-09-04 05:34:11.684361'),
('1jcjd8imhm3f92g6hcvmmbdyuzkyv3yc', 'NGE0ZDdiNWU5N2VkYTk0M2EzMDM3MzNiZTI1NTEzMjBkZTkwYzdkOTp7ImNhcnQiOnt9fQ==', '2019-09-03 16:07:24.648804'),
('1jsl37qoohyjalavemwg4syscco59szc', 'NGE0ZDdiNWU5N2VkYTk0M2EzMDM3MzNiZTI1NTEzMjBkZTkwYzdkOTp7ImNhcnQiOnt9fQ==', '2019-09-11 02:12:53.305907'),
('1jz7v1vrw0qu4jy4aa3ycuxopxnrxza1', 'NGE0ZDdiNWU5N2VkYTk0M2EzMDM3MzNiZTI1NTEzMjBkZTkwYzdkOTp7ImNhcnQiOnt9fQ==', '2019-09-16 21:47:22.848812'),
('1l0yuxpuamw77sif34qqv2xidfip40at', 'NGE0ZDdiNWU5N2VkYTk0M2EzMDM3MzNiZTI1NTEzMjBkZTkwYzdkOTp7ImNhcnQiOnt9fQ==', '2019-09-13 00:40:41.832466'),
('1l921yv3i6ypdwb9bgb14j4n7dyntsxu', 'NGE0ZDdiNWU5N2VkYTk0M2EzMDM3MzNiZTI1NTEzMjBkZTkwYzdkOTp7ImNhcnQiOnt9fQ==', '2019-09-20 06:51:54.586364'),
('1ocls1wmer88qc4lo95qy7di5qp7pl8r', 'NGE0ZDdiNWU5N2VkYTk0M2EzMDM3MzNiZTI1NTEzMjBkZTkwYzdkOTp7ImNhcnQiOnt9fQ==', '2019-09-05 01:15:56.503747'),
('1onhstz3jmihvq5xw7tla7g4ooiubdo9', 'NGE0ZDdiNWU5N2VkYTk0M2EzMDM3MzNiZTI1NTEzMjBkZTkwYzdkOTp7ImNhcnQiOnt9fQ==', '2019-09-19 06:03:16.186988'),
('1p0l77ddta16mhycug9n76h45ssnsdsf', 'NGE0ZDdiNWU5N2VkYTk0M2EzMDM3MzNiZTI1NTEzMjBkZTkwYzdkOTp7ImNhcnQiOnt9fQ==', '2019-09-25 18:11:46.853115'),
('1pdcpffcd4bylidcaufxyts9tbj4qynl', 'NGE0ZDdiNWU5N2VkYTk0M2EzMDM3MzNiZTI1NTEzMjBkZTkwYzdkOTp7ImNhcnQiOnt9fQ==', '2019-09-23 08:21:13.946392'),
('1ppmrxeaubj2sev4r4zp76odqr9cvy0c', 'NGE0ZDdiNWU5N2VkYTk0M2EzMDM3MzNiZTI1NTEzMjBkZTkwYzdkOTp7ImNhcnQiOnt9fQ==', '2019-09-23 08:21:13.950362'),
('1x7fsphyoxs3wuodjmo3c7eb796vfjyw', 'NGE0ZDdiNWU5N2VkYTk0M2EzMDM3MzNiZTI1NTEzMjBkZTkwYzdkOTp7ImNhcnQiOnt9fQ==', '2019-09-02 15:21:00.572897'),
('1y7cquzjihbnprga3vpv8z1fdy902b9q', 'NGE0ZDdiNWU5N2VkYTk0M2EzMDM3MzNiZTI1NTEzMjBkZTkwYzdkOTp7ImNhcnQiOnt9fQ==', '2019-09-11 20:52:48.845938'),
('1ykbyf0ak666lje3tqxp74y45dt9ku6y', 'NGE0ZDdiNWU5N2VkYTk0M2EzMDM3MzNiZTI1NTEzMjBkZTkwYzdkOTp7ImNhcnQiOnt9fQ==', '2019-09-09 06:24:05.003333'),
('1z872x4u9bp7lheci13gc7ccoslfzunz', 'NWM2ZTE0YTRkODE5OTc1NDRhNThhYTZkZGQzYTY5NGNjNDdhZjc1MDp7ImNhcnQiOnsiMTI3Ijp7InF1YW50aXR5IjoxLCJwcmljZSI6IjU5LjAwIn19fQ==', '2019-09-09 12:41:38.913533'),
('1zpr4i933vamiqco42gkwuf2d2n0vuyu', 'NGE0ZDdiNWU5N2VkYTk0M2EzMDM3MzNiZTI1NTEzMjBkZTkwYzdkOTp7ImNhcnQiOnt9fQ==', '2019-09-16 12:19:37.844886'),
('20164uxx073px0tfold35pzcn92l9o3v', 'NGE0ZDdiNWU5N2VkYTk0M2EzMDM3MzNiZTI1NTEzMjBkZTkwYzdkOTp7ImNhcnQiOnt9fQ==', '2019-09-03 03:42:00.045847'),
('20duj65w5dnbov2o5sw1xzfu9kw0ocm9', 'NGE0ZDdiNWU5N2VkYTk0M2EzMDM3MzNiZTI1NTEzMjBkZTkwYzdkOTp7ImNhcnQiOnt9fQ==', '2019-09-20 06:52:40.722306'),
('21u0g0lxywy6c8s3cshgpbh5ouc0ky9e', 'NGE0ZDdiNWU5N2VkYTk0M2EzMDM3MzNiZTI1NTEzMjBkZTkwYzdkOTp7ImNhcnQiOnt9fQ==', '2019-09-11 18:59:56.442413'),
('22n0d98z56h95meuati6sj0ecd7y04x7', 'NGE0ZDdiNWU5N2VkYTk0M2EzMDM3MzNiZTI1NTEzMjBkZTkwYzdkOTp7ImNhcnQiOnt9fQ==', '2019-09-09 21:32:57.235042'),
('2336mxxhbg3nl41pz5b6jkh77ie0b91q', 'NGE0ZDdiNWU5N2VkYTk0M2EzMDM3MzNiZTI1NTEzMjBkZTkwYzdkOTp7ImNhcnQiOnt9fQ==', '2019-09-16 16:28:41.718559'),
('23p4stjtmw292m4rapqqwloa6abms3kl', 'NGE0ZDdiNWU5N2VkYTk0M2EzMDM3MzNiZTI1NTEzMjBkZTkwYzdkOTp7ImNhcnQiOnt9fQ==', '2019-09-09 05:05:08.728600'),
('26esgvy8i734tn3nyc9fy1xv2364qlk7', 'NGE0ZDdiNWU5N2VkYTk0M2EzMDM3MzNiZTI1NTEzMjBkZTkwYzdkOTp7ImNhcnQiOnt9fQ==', '2019-09-16 16:15:10.979953'),
('26goiinc5xmdaoz13pxbzfk0zewq60nn', 'NGE0ZDdiNWU5N2VkYTk0M2EzMDM3MzNiZTI1NTEzMjBkZTkwYzdkOTp7ImNhcnQiOnt9fQ==', '2019-09-26 11:31:58.543118'),
('26p4pe4p902b1zrdk5dqq75n8pd2gy93', 'NGE0ZDdiNWU5N2VkYTk0M2EzMDM3MzNiZTI1NTEzMjBkZTkwYzdkOTp7ImNhcnQiOnt9fQ==', '2019-09-17 16:10:14.780951'),
('274pefbiw1wokjzgwyazyeff0ufham79', 'NGE0ZDdiNWU5N2VkYTk0M2EzMDM3MzNiZTI1NTEzMjBkZTkwYzdkOTp7ImNhcnQiOnt9fQ==', '2019-09-21 10:10:35.531604'),
('2bj1sg2d29eh56t3p0kpzehvqcfdlp9b', 'NGE0ZDdiNWU5N2VkYTk0M2EzMDM3MzNiZTI1NTEzMjBkZTkwYzdkOTp7ImNhcnQiOnt9fQ==', '2019-09-09 21:02:42.509597'),
('2koxtfkloicr71z0l3f0zbjduirz0usw', 'NGE0ZDdiNWU5N2VkYTk0M2EzMDM3MzNiZTI1NTEzMjBkZTkwYzdkOTp7ImNhcnQiOnt9fQ==', '2019-09-04 02:00:37.898951'),
('2mhhj78ukswvs808knu119ab96tkvazx', 'NGE0ZDdiNWU5N2VkYTk0M2EzMDM3MzNiZTI1NTEzMjBkZTkwYzdkOTp7ImNhcnQiOnt9fQ==', '2019-09-24 17:08:54.525553'),
('2nsonm0z7tllh1fmdgt8w96jalvw73wh', 'NGE0ZDdiNWU5N2VkYTk0M2EzMDM3MzNiZTI1NTEzMjBkZTkwYzdkOTp7ImNhcnQiOnt9fQ==', '2019-09-01 11:12:27.532708'),
('2ppkcpw6zsol9xl9blcpe23oklo11tou', 'NGE0ZDdiNWU5N2VkYTk0M2EzMDM3MzNiZTI1NTEzMjBkZTkwYzdkOTp7ImNhcnQiOnt9fQ==', '2019-09-09 19:29:16.325734'),
('2v568rhgtbt6o85juvp49xtjyix13uz9', 'YWRkMGNlYTIwYjU1ZjM4MDc2MGE0ZmViZWRkOWZkNDhmOGFkMTZiNjp7ImZvcm1fZGF0YSI6eyJlbWFpbCI6Im1haGVzaGxhbmdvdGUxMEBnbWFpbC5jb20iLCJjc3JmbWlkZGxld2FyZXRva2VuIjoiUHQweVZEc2pFVlowUDhDQXllOEdScGVaSGUyaVNRQzRoaXVTUUNZSFQ0aXBVWkZhaGVZSzZSdERpWDFaS2NyUCIsInBhc3N3b3JkIjoiSVRDdWJlQDEyM2Fzc3MifSwiY2FydCI6eyI0Ijp7InByaWNlIjoiMTIwIiwicXVhbnRpdHkiOjV9fX0=', '2019-07-20 06:45:13.361124'),
('2w4ohlz0qpvj9xtlbbu8nggrit0hhlxt', 'NGE0ZDdiNWU5N2VkYTk0M2EzMDM3MzNiZTI1NTEzMjBkZTkwYzdkOTp7ImNhcnQiOnt9fQ==', '2019-09-17 23:19:50.608379'),
('2y1deubtskia5u0nt3g2kyiy19tkd88x', 'NGE0ZDdiNWU5N2VkYTk0M2EzMDM3MzNiZTI1NTEzMjBkZTkwYzdkOTp7ImNhcnQiOnt9fQ==', '2019-09-26 00:56:31.833191'),
('2z47h1eps9zu494hsscd3pgdj1dvxjrj', 'NGE0ZDdiNWU5N2VkYTk0M2EzMDM3MzNiZTI1NTEzMjBkZTkwYzdkOTp7ImNhcnQiOnt9fQ==', '2019-09-19 19:24:59.379207'),
('31aqmabevu7u2irgte75gvhwx023aza6', 'NGE0ZDdiNWU5N2VkYTk0M2EzMDM3MzNiZTI1NTEzMjBkZTkwYzdkOTp7ImNhcnQiOnt9fQ==', '2019-09-16 01:38:11.888779'),
('335pko90sc3w8rqz4qlmb17tafq5z9p1', 'NGE0ZDdiNWU5N2VkYTk0M2EzMDM3MzNiZTI1NTEzMjBkZTkwYzdkOTp7ImNhcnQiOnt9fQ==', '2019-09-05 03:29:35.841378'),
('340ln1v9pkbs03prfjld5yphzdbfvolh', 'NGE0ZDdiNWU5N2VkYTk0M2EzMDM3MzNiZTI1NTEzMjBkZTkwYzdkOTp7ImNhcnQiOnt9fQ==', '2019-09-03 16:07:24.655756'),
('34vabdet9wwiugdv5x4cwwion2840mz5', 'NGE0ZDdiNWU5N2VkYTk0M2EzMDM3MzNiZTI1NTEzMjBkZTkwYzdkOTp7ImNhcnQiOnt9fQ==', '2019-09-16 15:25:32.629786'),
('35kth005cyffap3flvzgjjb0as0dtc1o', 'NGE0ZDdiNWU5N2VkYTk0M2EzMDM3MzNiZTI1NTEzMjBkZTkwYzdkOTp7ImNhcnQiOnt9fQ==', '2019-09-19 13:47:34.773668'),
('3698actcam6chwwtx8caxi8l60g26axb', 'NGE0ZDdiNWU5N2VkYTk0M2EzMDM3MzNiZTI1NTEzMjBkZTkwYzdkOTp7ImNhcnQiOnt9fQ==', '2019-09-15 19:09:27.984163'),
('37wdo4m2k5790h870scwz7pogbsja9zv', 'NGE0ZDdiNWU5N2VkYTk0M2EzMDM3MzNiZTI1NTEzMjBkZTkwYzdkOTp7ImNhcnQiOnt9fQ==', '2019-09-09 12:41:42.166241'),
('38xejxh1bcr6uhckh0u60a7utwxnxggs', 'NGE0ZDdiNWU5N2VkYTk0M2EzMDM3MzNiZTI1NTEzMjBkZTkwYzdkOTp7ImNhcnQiOnt9fQ==', '2019-09-10 01:14:51.418553'),
('3999b2p8zylx0hl5tweztykkw1ahgvc3', 'NGE0ZDdiNWU5N2VkYTk0M2EzMDM3MzNiZTI1NTEzMjBkZTkwYzdkOTp7ImNhcnQiOnt9fQ==', '2019-09-02 10:14:44.272511'),
('3aofb7p0b2vkhbeirr80fzrffab5qxc6', 'NGE0ZDdiNWU5N2VkYTk0M2EzMDM3MzNiZTI1NTEzMjBkZTkwYzdkOTp7ImNhcnQiOnt9fQ==', '2019-09-16 18:45:31.103700'),
('3aymsmzh46fxiixlyd2mk35ym4du81zs', 'NGE0ZDdiNWU5N2VkYTk0M2EzMDM3MzNiZTI1NTEzMjBkZTkwYzdkOTp7ImNhcnQiOnt9fQ==', '2019-09-08 19:32:25.410415'),
('3b8vkyjrz6w35jmf4ei7ml8vmh1ccxqz', 'NGE0ZDdiNWU5N2VkYTk0M2EzMDM3MzNiZTI1NTEzMjBkZTkwYzdkOTp7ImNhcnQiOnt9fQ==', '2019-09-23 17:46:48.861787'),
('3dq472qrqmryrwwpjpavzpgeambw9yx6', 'NGE0ZDdiNWU5N2VkYTk0M2EzMDM3MzNiZTI1NTEzMjBkZTkwYzdkOTp7ImNhcnQiOnt9fQ==', '2019-09-25 14:21:58.029290'),
('3ezp6tst4gpxnkv15wcc6nqkuikc2pmv', 'NGE0ZDdiNWU5N2VkYTk0M2EzMDM3MzNiZTI1NTEzMjBkZTkwYzdkOTp7ImNhcnQiOnt9fQ==', '2019-09-13 03:53:31.134701'),
('3f8s7b7qn22wlmv58h6non73gyige1xj', 'NGE0ZDdiNWU5N2VkYTk0M2EzMDM3MzNiZTI1NTEzMjBkZTkwYzdkOTp7ImNhcnQiOnt9fQ==', '2019-09-08 18:18:12.438814'),
('3jdvt5ugoil61e532r92d17xgyoq4xaq', 'NGE0ZDdiNWU5N2VkYTk0M2EzMDM3MzNiZTI1NTEzMjBkZTkwYzdkOTp7ImNhcnQiOnt9fQ==', '2019-09-16 22:32:03.710159'),
('3kmkraburs0wpi2f49vdnd25etml89bc', 'NGE0ZDdiNWU5N2VkYTk0M2EzMDM3MzNiZTI1NTEzMjBkZTkwYzdkOTp7ImNhcnQiOnt9fQ==', '2019-09-09 19:44:23.394000'),
('3kqb9k6pwfepxp0pcku6nh43n581keig', 'NGE0ZDdiNWU5N2VkYTk0M2EzMDM3MzNiZTI1NTEzMjBkZTkwYzdkOTp7ImNhcnQiOnt9fQ==', '2019-09-18 00:23:08.447380'),
('3m8sssgnoi5xt3mbr166tk9fmbcyb39d', 'NGE0ZDdiNWU5N2VkYTk0M2EzMDM3MzNiZTI1NTEzMjBkZTkwYzdkOTp7ImNhcnQiOnt9fQ==', '2019-09-17 11:01:44.289574'),
('3n5i6trjx1w3fcz4ozb1y3nchptkfxni', 'NGE0ZDdiNWU5N2VkYTk0M2EzMDM3MzNiZTI1NTEzMjBkZTkwYzdkOTp7ImNhcnQiOnt9fQ==', '2019-09-15 02:59:13.556531'),
('3ncslw3xqvqpcda3ycp0cxyyj2preo2a', 'NGE0ZDdiNWU5N2VkYTk0M2EzMDM3MzNiZTI1NTEzMjBkZTkwYzdkOTp7ImNhcnQiOnt9fQ==', '2019-09-20 10:32:18.077556'),
('3wsz7xi9ucepjw0vfrxovkwy08ki9unh', 'NGE0ZDdiNWU5N2VkYTk0M2EzMDM3MzNiZTI1NTEzMjBkZTkwYzdkOTp7ImNhcnQiOnt9fQ==', '2019-09-13 11:57:47.995921'),
('3xns9gbclu54wzhp55k40z0blltwz40p', 'NGE0ZDdiNWU5N2VkYTk0M2EzMDM3MzNiZTI1NTEzMjBkZTkwYzdkOTp7ImNhcnQiOnt9fQ==', '2019-09-17 19:33:26.675645'),
('40r9i5p8nzjoxy7humw79p520nbcmb4u', 'NGE0ZDdiNWU5N2VkYTk0M2EzMDM3MzNiZTI1NTEzMjBkZTkwYzdkOTp7ImNhcnQiOnt9fQ==', '2019-09-14 12:14:43.740717'),
('430m7tb61nxuno0kkllmlz0q36x5iyaw', 'NGE0ZDdiNWU5N2VkYTk0M2EzMDM3MzNiZTI1NTEzMjBkZTkwYzdkOTp7ImNhcnQiOnt9fQ==', '2019-09-11 11:59:52.342512'),
('44lnh98696c4rb9483wxeujq46evgxt4', 'NGE0ZDdiNWU5N2VkYTk0M2EzMDM3MzNiZTI1NTEzMjBkZTkwYzdkOTp7ImNhcnQiOnt9fQ==', '2019-09-13 00:00:56.867485'),
('47h7lsrjdjia5jymfs89q1fqtvkjkal1', 'NGE0ZDdiNWU5N2VkYTk0M2EzMDM3MzNiZTI1NTEzMjBkZTkwYzdkOTp7ImNhcnQiOnt9fQ==', '2019-09-16 04:35:08.802199'),
('4ar2e2bkhv0v8vgcvwkeysqamsp5pba8', 'NGE0ZDdiNWU5N2VkYTk0M2EzMDM3MzNiZTI1NTEzMjBkZTkwYzdkOTp7ImNhcnQiOnt9fQ==', '2019-09-02 18:49:56.852353'),
('4aydolua047l40uzj9jz3ip7bp7jsexn', 'NGE0ZDdiNWU5N2VkYTk0M2EzMDM3MzNiZTI1NTEzMjBkZTkwYzdkOTp7ImNhcnQiOnt9fQ==', '2019-09-20 01:28:29.693390'),
('4bjxoz7y4ock4o3cxfnwbwa8xwjv2gdu', 'NGE0ZDdiNWU5N2VkYTk0M2EzMDM3MzNiZTI1NTEzMjBkZTkwYzdkOTp7ImNhcnQiOnt9fQ==', '2019-09-16 21:08:36.210276'),
('4bm7pflps36poldqy9jt91l45al4rkdh', 'NGE0ZDdiNWU5N2VkYTk0M2EzMDM3MzNiZTI1NTEzMjBkZTkwYzdkOTp7ImNhcnQiOnt9fQ==', '2019-09-11 09:32:56.756512'),
('4cezj0mhkmq2pthwi3c4ah1xh4kkw9bo', 'NGE0ZDdiNWU5N2VkYTk0M2EzMDM3MzNiZTI1NTEzMjBkZTkwYzdkOTp7ImNhcnQiOnt9fQ==', '2019-09-14 03:10:09.185647'),
('4drkubqmw6v8u071fzp3wl2ea2y532x0', 'NGE0ZDdiNWU5N2VkYTk0M2EzMDM3MzNiZTI1NTEzMjBkZTkwYzdkOTp7ImNhcnQiOnt9fQ==', '2019-09-25 13:48:46.470980'),
('4g6y7lbedtiblmnf0a6vyfc8eum2ezyf', 'NGE0ZDdiNWU5N2VkYTk0M2EzMDM3MzNiZTI1NTEzMjBkZTkwYzdkOTp7ImNhcnQiOnt9fQ==', '2019-09-11 14:19:55.744351'),
('4homha4fu93dt8f1fq6e3vvqmuydga2h', 'NGE0ZDdiNWU5N2VkYTk0M2EzMDM3MzNiZTI1NTEzMjBkZTkwYzdkOTp7ImNhcnQiOnt9fQ==', '2019-09-10 08:10:18.058032'),
('4i0efwh9uvtbmpg7dqg4pbeur1ri3548', 'NGE0ZDdiNWU5N2VkYTk0M2EzMDM3MzNiZTI1NTEzMjBkZTkwYzdkOTp7ImNhcnQiOnt9fQ==', '2019-09-03 01:15:24.189738'),
('4i8bju8c7psi79iac93pzruutt3rhelu', 'NGE0ZDdiNWU5N2VkYTk0M2EzMDM3MzNiZTI1NTEzMjBkZTkwYzdkOTp7ImNhcnQiOnt9fQ==', '2019-09-10 04:13:02.523801'),
('4ifw12zg82coy7okghx6ohy24ghx5725', 'NGE0ZDdiNWU5N2VkYTk0M2EzMDM3MzNiZTI1NTEzMjBkZTkwYzdkOTp7ImNhcnQiOnt9fQ==', '2019-09-19 03:04:25.718784'),
('4k5e90xxa3p2xtto46nythwrlbro0n02', 'NGE0ZDdiNWU5N2VkYTk0M2EzMDM3MzNiZTI1NTEzMjBkZTkwYzdkOTp7ImNhcnQiOnt9fQ==', '2019-09-24 03:43:54.659692'),
('4nlo65e3y6b7abtdaq79e744tct3kour', 'OTUzNWM3Zjk5ZTA1ZTkzMWUwNWIxZDQzNDhhNjhhMmQ4ZWVhZGRkOTp7ImNhcnQiOnsiNDciOnsicXVhbnRpdHkiOjE3LCJwcmljZSI6IjUwLjAwIn19LCJmb3JtX2RhdGEiOnsiY3NyZm1pZGRsZXdhcmV0b2tlbiI6InFtTFprY2hqVmF0QU9SNXBPRWUzRnJ4UEg2NHZQS29hS29qam1xNnBZSGVBZmpWQ2dnbnJsRDhOUG9melE5T28iLCJlbWFpbCI6IlRlc3RAdGVzdC5jb20iLCJwYXNzd29yZCI6InRlc3RAMTIzIn0sIl9hdXRoX3VzZXJfaWQiOiIyMSIsIl9hdXRoX3VzZXJfYmFja2VuZCI6ImRqYW5nby5jb250cmliLmF1dGguYmFja2VuZHMuTW9kZWxCYWNrZW5kIiwiX2F1dGhfdXNlcl9oYXNoIjoiZGZjMzNiNTBkMjQ2ZGY5OWIzY2M2NWNhYjgyNmNhZDNkN2E2YjcwMiJ9', '2019-09-11 06:25:43.896278'),
('4od9mvmk17bbfs3pw4yyex0483c63tl1', 'NGE0ZDdiNWU5N2VkYTk0M2EzMDM3MzNiZTI1NTEzMjBkZTkwYzdkOTp7ImNhcnQiOnt9fQ==', '2019-09-04 03:19:16.131824'),
('4pamtvi26z47071hunakh6z27cm8voiv', 'NGE0ZDdiNWU5N2VkYTk0M2EzMDM3MzNiZTI1NTEzMjBkZTkwYzdkOTp7ImNhcnQiOnt9fQ==', '2019-09-03 16:07:24.635475'),
('4q25m4w7wad7ofxadt8abgsvlvaf23zu', 'NGE0ZDdiNWU5N2VkYTk0M2EzMDM3MzNiZTI1NTEzMjBkZTkwYzdkOTp7ImNhcnQiOnt9fQ==', '2019-09-01 11:13:19.788904'),
('4rx2dy7wua0zzkeeanzwag1jxxfuy2eb', 'NGE0ZDdiNWU5N2VkYTk0M2EzMDM3MzNiZTI1NTEzMjBkZTkwYzdkOTp7ImNhcnQiOnt9fQ==', '2019-09-02 17:27:20.830802'),
('4rz190et9h5wg24bi2c72ox0xrb3eeuc', 'NGE0ZDdiNWU5N2VkYTk0M2EzMDM3MzNiZTI1NTEzMjBkZTkwYzdkOTp7ImNhcnQiOnt9fQ==', '2019-09-11 08:55:59.397973'),
('4tlnpl9wn98roe1tzd8jv6yn01pa0cg9', 'NGE0ZDdiNWU5N2VkYTk0M2EzMDM3MzNiZTI1NTEzMjBkZTkwYzdkOTp7ImNhcnQiOnt9fQ==', '2019-09-16 23:24:49.929206'),
('4tw4sjpzp2wrmnq6u0cy1j57l7kkiuux', 'NGE0ZDdiNWU5N2VkYTk0M2EzMDM3MzNiZTI1NTEzMjBkZTkwYzdkOTp7ImNhcnQiOnt9fQ==', '2019-09-10 00:11:27.696373'),
('4x9dxlsqa2ln9ekcolng3owf3wrekdbs', 'NGE0ZDdiNWU5N2VkYTk0M2EzMDM3MzNiZTI1NTEzMjBkZTkwYzdkOTp7ImNhcnQiOnt9fQ==', '2019-09-09 06:30:15.590073'),
('4xxv3mev4rekyfstcxchvnuzgtve7kqd', 'NGE0ZDdiNWU5N2VkYTk0M2EzMDM3MzNiZTI1NTEzMjBkZTkwYzdkOTp7ImNhcnQiOnt9fQ==', '2019-09-14 16:15:33.909534'),
('4ynby2lz1jbx0l5r9eqsh8xvzxc089jq', 'NGE0ZDdiNWU5N2VkYTk0M2EzMDM3MzNiZTI1NTEzMjBkZTkwYzdkOTp7ImNhcnQiOnt9fQ==', '2019-09-23 17:06:47.428750'),
('5163srsg7984e0v1s2lxbm6rukieisph', 'NGE0ZDdiNWU5N2VkYTk0M2EzMDM3MzNiZTI1NTEzMjBkZTkwYzdkOTp7ImNhcnQiOnt9fQ==', '2019-09-11 08:37:06.469613'),
('51x41bpdkgaa14v3bxdixxds9mfi4751', 'NGE0ZDdiNWU5N2VkYTk0M2EzMDM3MzNiZTI1NTEzMjBkZTkwYzdkOTp7ImNhcnQiOnt9fQ==', '2019-09-23 22:18:23.813267'),
('52dwtj1v1o5cutrkvtpefpqcfrw91rlb', 'NGE0ZDdiNWU5N2VkYTk0M2EzMDM3MzNiZTI1NTEzMjBkZTkwYzdkOTp7ImNhcnQiOnt9fQ==', '2019-09-17 23:15:30.464862'),
('55xamfnp81tehy01169tz0bljro1jr7s', 'NGE0ZDdiNWU5N2VkYTk0M2EzMDM3MzNiZTI1NTEzMjBkZTkwYzdkOTp7ImNhcnQiOnt9fQ==', '2019-09-13 00:00:51.742936'),
('561fb9zk6pk8blabat6f9k1toj46o2dh', 'NGE0ZDdiNWU5N2VkYTk0M2EzMDM3MzNiZTI1NTEzMjBkZTkwYzdkOTp7ImNhcnQiOnt9fQ==', '2019-09-11 18:56:21.762944'),
('57uxzzv1tndsz057omq78j14qzsd918o', 'NGE0ZDdiNWU5N2VkYTk0M2EzMDM3MzNiZTI1NTEzMjBkZTkwYzdkOTp7ImNhcnQiOnt9fQ==', '2019-09-17 04:06:10.709209'),
('58fjuf724iz508egvyz85c034qf0yqw1', 'NGE0ZDdiNWU5N2VkYTk0M2EzMDM3MzNiZTI1NTEzMjBkZTkwYzdkOTp7ImNhcnQiOnt9fQ==', '2019-09-20 04:44:23.836642'),
('58os8bxzf59ntac3l97dw75te98wsuwl', 'NGE0ZDdiNWU5N2VkYTk0M2EzMDM3MzNiZTI1NTEzMjBkZTkwYzdkOTp7ImNhcnQiOnt9fQ==', '2019-09-22 09:16:40.256888'),
('5b4uofdrkirm4knwvl1n0uk6tia8b3aw', 'NGE0ZDdiNWU5N2VkYTk0M2EzMDM3MzNiZTI1NTEzMjBkZTkwYzdkOTp7ImNhcnQiOnt9fQ==', '2019-09-26 09:39:21.417389'),
('5bbxtfwmmpadbrvdmhthx2zsl5zg3hp0', 'NGE0ZDdiNWU5N2VkYTk0M2EzMDM3MzNiZTI1NTEzMjBkZTkwYzdkOTp7ImNhcnQiOnt9fQ==', '2019-09-14 04:17:25.835609'),
('5byhfaw33hu0v79cgxrf1x7vn0p2xahi', 'NGE0ZDdiNWU5N2VkYTk0M2EzMDM3MzNiZTI1NTEzMjBkZTkwYzdkOTp7ImNhcnQiOnt9fQ==', '2019-09-14 23:51:45.712091'),
('5cckdzl04f3fhsk66k6d47voiy09kj6h', 'NGE0ZDdiNWU5N2VkYTk0M2EzMDM3MzNiZTI1NTEzMjBkZTkwYzdkOTp7ImNhcnQiOnt9fQ==', '2019-09-13 14:20:48.302713'),
('5e7p50outg4ocrfrznyi35brlh95ew9e', 'NGE0ZDdiNWU5N2VkYTk0M2EzMDM3MzNiZTI1NTEzMjBkZTkwYzdkOTp7ImNhcnQiOnt9fQ==', '2019-09-13 20:53:42.657101'),
('5eobvvcsw1hc0kfbgaynwy4yun5hofxy', 'NGE0ZDdiNWU5N2VkYTk0M2EzMDM3MzNiZTI1NTEzMjBkZTkwYzdkOTp7ImNhcnQiOnt9fQ==', '2019-09-13 09:43:38.460719'),
('5ftry6fgxpqvxj7cbmg4iqk2xpsbmy7e', 'NGE0ZDdiNWU5N2VkYTk0M2EzMDM3MzNiZTI1NTEzMjBkZTkwYzdkOTp7ImNhcnQiOnt9fQ==', '2019-09-11 08:12:57.157991'),
('5te3bnc5wsrs4ydxyrqklea1a0933zfo', 'NGE0ZDdiNWU5N2VkYTk0M2EzMDM3MzNiZTI1NTEzMjBkZTkwYzdkOTp7ImNhcnQiOnt9fQ==', '2019-09-20 02:13:40.290759'),
('5ubq5gosgbeqix0us2zk9lfiavu78839', 'NGE0ZDdiNWU5N2VkYTk0M2EzMDM3MzNiZTI1NTEzMjBkZTkwYzdkOTp7ImNhcnQiOnt9fQ==', '2019-09-25 23:22:51.934225'),
('5yn64i5dnqias3argeds3nerq6viv0jz', 'NGE0ZDdiNWU5N2VkYTk0M2EzMDM3MzNiZTI1NTEzMjBkZTkwYzdkOTp7ImNhcnQiOnt9fQ==', '2019-09-03 00:24:12.708864'),
('6085f3kygk6l9j132mck2ix3k3wrkbic', 'NGE0ZDdiNWU5N2VkYTk0M2EzMDM3MzNiZTI1NTEzMjBkZTkwYzdkOTp7ImNhcnQiOnt9fQ==', '2019-09-23 03:55:55.743776'),
('620yx7tp90d7u3gcbfuyfxvlsm4kp972', 'NGE0ZDdiNWU5N2VkYTk0M2EzMDM3MzNiZTI1NTEzMjBkZTkwYzdkOTp7ImNhcnQiOnt9fQ==', '2019-09-24 16:45:59.051137'),
('62lp78wsp7kezmjjryimy5uxrv31h5w6', 'NGE0ZDdiNWU5N2VkYTk0M2EzMDM3MzNiZTI1NTEzMjBkZTkwYzdkOTp7ImNhcnQiOnt9fQ==', '2019-09-17 09:33:35.848189'),
('641qd7bz2eg84ca8y7k7ece8txy6b5hc', 'NGE0ZDdiNWU5N2VkYTk0M2EzMDM3MzNiZTI1NTEzMjBkZTkwYzdkOTp7ImNhcnQiOnt9fQ==', '2019-09-02 10:16:02.744508'),
('68oi0whkkryg1s1ay9gokbmpgfuh6mep', 'NGE0ZDdiNWU5N2VkYTk0M2EzMDM3MzNiZTI1NTEzMjBkZTkwYzdkOTp7ImNhcnQiOnt9fQ==', '2019-09-11 20:52:39.871697'),
('6bm6ovkuuw26gai52ieecmo50orurksk', 'NGE0ZDdiNWU5N2VkYTk0M2EzMDM3MzNiZTI1NTEzMjBkZTkwYzdkOTp7ImNhcnQiOnt9fQ==', '2019-09-23 05:42:16.225251'),
('6c31nf2xecfp29udku61ggxjhuf1z9wv', 'NGE0ZDdiNWU5N2VkYTk0M2EzMDM3MzNiZTI1NTEzMjBkZTkwYzdkOTp7ImNhcnQiOnt9fQ==', '2019-09-03 07:47:01.043591'),
('6csdzgv7g0b28t4y1yp0k6fn5njl810h', 'NGE0ZDdiNWU5N2VkYTk0M2EzMDM3MzNiZTI1NTEzMjBkZTkwYzdkOTp7ImNhcnQiOnt9fQ==', '2019-09-18 16:25:17.565421'),
('6hp5gh5h6c6p1z6f7rzwd1fm5u47lwo4', 'NGE0ZDdiNWU5N2VkYTk0M2EzMDM3MzNiZTI1NTEzMjBkZTkwYzdkOTp7ImNhcnQiOnt9fQ==', '2019-09-03 17:55:32.682964'),
('6k7k9c6ediyddeg494lho47r1q9segte', 'NGE0ZDdiNWU5N2VkYTk0M2EzMDM3MzNiZTI1NTEzMjBkZTkwYzdkOTp7ImNhcnQiOnt9fQ==', '2019-09-10 05:49:14.812264'),
('6lfuer9hins32llmof959bn1jcizmxek', 'NGE0ZDdiNWU5N2VkYTk0M2EzMDM3MzNiZTI1NTEzMjBkZTkwYzdkOTp7ImNhcnQiOnt9fQ==', '2019-09-02 10:07:42.093711'),
('6p8q16bfer85veocnurvqwy0mh4276as', 'NGE0ZDdiNWU5N2VkYTk0M2EzMDM3MzNiZTI1NTEzMjBkZTkwYzdkOTp7ImNhcnQiOnt9fQ==', '2019-09-03 20:13:51.539846'),
('6rsssbv9uw48afd1d1x6kl1s7ui5i3bh', 'NGE0ZDdiNWU5N2VkYTk0M2EzMDM3MzNiZTI1NTEzMjBkZTkwYzdkOTp7ImNhcnQiOnt9fQ==', '2019-09-25 14:22:06.074833'),
('6s1nmfgd6008s7x1ikihsvmmi3ieo8po', 'NGE0ZDdiNWU5N2VkYTk0M2EzMDM3MzNiZTI1NTEzMjBkZTkwYzdkOTp7ImNhcnQiOnt9fQ==', '2019-09-03 03:18:57.798577'),
('6tjgnfkb2377818ifhhb9be5nwqocjel', 'NGE0ZDdiNWU5N2VkYTk0M2EzMDM3MzNiZTI1NTEzMjBkZTkwYzdkOTp7ImNhcnQiOnt9fQ==', '2019-09-21 02:47:29.480157'),
('6tzq38ieynsxf078o8ig3hyatxero7oa', 'NGE0ZDdiNWU5N2VkYTk0M2EzMDM3MzNiZTI1NTEzMjBkZTkwYzdkOTp7ImNhcnQiOnt9fQ==', '2019-09-13 00:24:01.259385'),
('6yc8zkz2r5zli5lznforkkk18gqg0b6g', 'NGE0ZDdiNWU5N2VkYTk0M2EzMDM3MzNiZTI1NTEzMjBkZTkwYzdkOTp7ImNhcnQiOnt9fQ==', '2019-09-17 20:03:44.000976'),
('728t7kvp6j44vallf2tkaphuno4mdouk', 'NGE0ZDdiNWU5N2VkYTk0M2EzMDM3MzNiZTI1NTEzMjBkZTkwYzdkOTp7ImNhcnQiOnt9fQ==', '2019-09-25 10:26:21.233204'),
('72rxz7axhj75vh4dfozdq763u34buyao', 'NGE0ZDdiNWU5N2VkYTk0M2EzMDM3MzNiZTI1NTEzMjBkZTkwYzdkOTp7ImNhcnQiOnt9fQ==', '2019-09-14 05:58:24.079100'),
('736idlzl6tlptdpqm6mhnsyj0hm14n23', 'NGE0ZDdiNWU5N2VkYTk0M2EzMDM3MzNiZTI1NTEzMjBkZTkwYzdkOTp7ImNhcnQiOnt9fQ==', '2019-09-09 12:40:05.886654'),
('775yaedtnqv5rxne91fc0u1qqda0izyv', 'NGE0ZDdiNWU5N2VkYTk0M2EzMDM3MzNiZTI1NTEzMjBkZTkwYzdkOTp7ImNhcnQiOnt9fQ==', '2019-09-13 08:17:23.760910'),
('776r34bmsa2ye8nckmrf2h5vecakd2p7', 'NGE0ZDdiNWU5N2VkYTk0M2EzMDM3MzNiZTI1NTEzMjBkZTkwYzdkOTp7ImNhcnQiOnt9fQ==', '2019-09-21 02:04:20.721125'),
('77kenso19r6aiwic114nv0fchzkf6jma', 'NGE0ZDdiNWU5N2VkYTk0M2EzMDM3MzNiZTI1NTEzMjBkZTkwYzdkOTp7ImNhcnQiOnt9fQ==', '2019-09-16 14:37:35.962846'),
('78ru2h9yazvie4yub8jwdnsampp52s2e', 'NGE0ZDdiNWU5N2VkYTk0M2EzMDM3MzNiZTI1NTEzMjBkZTkwYzdkOTp7ImNhcnQiOnt9fQ==', '2019-09-18 14:48:30.078145'),
('7b41tskf4xmvcif0fz45hijmp9aeovpo', 'NGE0ZDdiNWU5N2VkYTk0M2EzMDM3MzNiZTI1NTEzMjBkZTkwYzdkOTp7ImNhcnQiOnt9fQ==', '2019-09-12 09:35:36.085028'),
('7bqh4ssip7mxfo3bon3lwmsqwdjm84uv', 'NGE0ZDdiNWU5N2VkYTk0M2EzMDM3MzNiZTI1NTEzMjBkZTkwYzdkOTp7ImNhcnQiOnt9fQ==', '2019-09-16 16:29:44.899532'),
('7ccfijzoexssn99lj36omkqrtomumyj0', 'NGE0ZDdiNWU5N2VkYTk0M2EzMDM3MzNiZTI1NTEzMjBkZTkwYzdkOTp7ImNhcnQiOnt9fQ==', '2019-09-19 09:36:41.637563'),
('7dotl5ldah2jo5h8bocpwcplsmj8kdkn', 'NGE0ZDdiNWU5N2VkYTk0M2EzMDM3MzNiZTI1NTEzMjBkZTkwYzdkOTp7ImNhcnQiOnt9fQ==', '2019-09-04 03:49:22.421454'),
('7fq4ogj57cun0prxsw8lclkta39nmnhk', 'NGE0ZDdiNWU5N2VkYTk0M2EzMDM3MzNiZTI1NTEzMjBkZTkwYzdkOTp7ImNhcnQiOnt9fQ==', '2019-09-03 21:48:45.666723'),
('7hsslbv6v40n1leh8qfnvz5cyu6a2mwi', 'NGE0ZDdiNWU5N2VkYTk0M2EzMDM3MzNiZTI1NTEzMjBkZTkwYzdkOTp7ImNhcnQiOnt9fQ==', '2019-09-22 10:10:03.342801'),
('7rkww22mz935zf1mxy72k97onos1levx', 'NGE0ZDdiNWU5N2VkYTk0M2EzMDM3MzNiZTI1NTEzMjBkZTkwYzdkOTp7ImNhcnQiOnt9fQ==', '2019-09-12 09:00:36.485224'),
('7rui2j9dko0i3i4guo12603qm41d90vt', 'NGE0ZDdiNWU5N2VkYTk0M2EzMDM3MzNiZTI1NTEzMjBkZTkwYzdkOTp7ImNhcnQiOnt9fQ==', '2019-09-01 10:40:29.018191'),
('7uoqc5ww0rku103op9fql3h2vc30vtfl', 'NGE0ZDdiNWU5N2VkYTk0M2EzMDM3MzNiZTI1NTEzMjBkZTkwYzdkOTp7ImNhcnQiOnt9fQ==', '2019-09-10 00:18:57.288666'),
('7vora85nbvz8fok6tnfepxgm8cz3cg6n', 'NGE0ZDdiNWU5N2VkYTk0M2EzMDM3MzNiZTI1NTEzMjBkZTkwYzdkOTp7ImNhcnQiOnt9fQ==', '2019-09-11 09:07:22.340286'),
('7w1k59u8ccont75s2o3vb5o5slv052j0', 'NGE0ZDdiNWU5N2VkYTk0M2EzMDM3MzNiZTI1NTEzMjBkZTkwYzdkOTp7ImNhcnQiOnt9fQ==', '2019-09-16 22:01:54.219890'),
('7wu4v6y71yvp20gy4pzi0ju61ipvymjn', 'NGE0ZDdiNWU5N2VkYTk0M2EzMDM3MzNiZTI1NTEzMjBkZTkwYzdkOTp7ImNhcnQiOnt9fQ==', '2019-09-10 19:11:41.115710'),
('7xsfop4ssnwbfqyirzver478nfh1p8m5', 'NGE0ZDdiNWU5N2VkYTk0M2EzMDM3MzNiZTI1NTEzMjBkZTkwYzdkOTp7ImNhcnQiOnt9fQ==', '2019-09-11 20:57:16.629531'),
('7y3p6uorr1i0arymvsunmsgcon5cne7c', 'NGE0ZDdiNWU5N2VkYTk0M2EzMDM3MzNiZTI1NTEzMjBkZTkwYzdkOTp7ImNhcnQiOnt9fQ==', '2019-09-04 05:34:05.668381'),
('809lpx6w7meugymo09h9kdkpsr456o9q', 'NGE0ZDdiNWU5N2VkYTk0M2EzMDM3MzNiZTI1NTEzMjBkZTkwYzdkOTp7ImNhcnQiOnt9fQ==', '2019-09-21 10:51:35.082825'),
('87bibyv0zhphos8egie9ziwzuv2qc763', 'NGE0ZDdiNWU5N2VkYTk0M2EzMDM3MzNiZTI1NTEzMjBkZTkwYzdkOTp7ImNhcnQiOnt9fQ==', '2019-09-16 00:13:49.598878'),
('8876isbnahultz0rkct54rvsw6e78xyl', 'NGE0ZDdiNWU5N2VkYTk0M2EzMDM3MzNiZTI1NTEzMjBkZTkwYzdkOTp7ImNhcnQiOnt9fQ==', '2019-09-20 11:02:56.444211'),
('89xry3r1k5yqwri4qb6jbyxjq6ninhc1', 'NGE0ZDdiNWU5N2VkYTk0M2EzMDM3MzNiZTI1NTEzMjBkZTkwYzdkOTp7ImNhcnQiOnt9fQ==', '2019-09-02 15:29:13.999378'),
('8bou4bfasho1ch87wxydj7ifvppl5trl', 'NGE0ZDdiNWU5N2VkYTk0M2EzMDM3MzNiZTI1NTEzMjBkZTkwYzdkOTp7ImNhcnQiOnt9fQ==', '2019-09-25 07:23:09.561366'),
('8d249ee87wudps0seuzqq5vhqzdpm3zq', 'NGE0ZDdiNWU5N2VkYTk0M2EzMDM3MzNiZTI1NTEzMjBkZTkwYzdkOTp7ImNhcnQiOnt9fQ==', '2019-09-10 00:18:36.996129'),
('8faulv1qbygjdp68iqkggkxpudnazilm', 'NGE0ZDdiNWU5N2VkYTk0M2EzMDM3MzNiZTI1NTEzMjBkZTkwYzdkOTp7ImNhcnQiOnt9fQ==', '2019-09-09 12:40:04.043644'),
('8fvoxmofii31vg3lbb6djx4ejx8tpwz0', 'NGE0ZDdiNWU5N2VkYTk0M2EzMDM3MzNiZTI1NTEzMjBkZTkwYzdkOTp7ImNhcnQiOnt9fQ==', '2019-09-12 14:14:57.589292'),
('8jn5l5k9aorr148bih2cfk6b4rcm5k9g', 'NGE0ZDdiNWU5N2VkYTk0M2EzMDM3MzNiZTI1NTEzMjBkZTkwYzdkOTp7ImNhcnQiOnt9fQ==', '2019-09-10 01:49:40.316725'),
('8kyhfhub0inuxopdug9xmu0blmprc2fd', 'NGE0ZDdiNWU5N2VkYTk0M2EzMDM3MzNiZTI1NTEzMjBkZTkwYzdkOTp7ImNhcnQiOnt9fQ==', '2019-09-17 09:36:01.232295'),
('8oaue5049tag1eozi6vqvt0py7scf17a', 'NGE0ZDdiNWU5N2VkYTk0M2EzMDM3MzNiZTI1NTEzMjBkZTkwYzdkOTp7ImNhcnQiOnt9fQ==', '2019-09-08 22:59:23.003716'),
('8p65wz75ldggliq34mh0ohjvro63w8fb', 'NGE0ZDdiNWU5N2VkYTk0M2EzMDM3MzNiZTI1NTEzMjBkZTkwYzdkOTp7ImNhcnQiOnt9fQ==', '2019-09-14 03:10:09.202172'),
('8pfx8eq47kwdcmyyw0tr8wt0fi5o92q4', 'NGE0ZDdiNWU5N2VkYTk0M2EzMDM3MzNiZTI1NTEzMjBkZTkwYzdkOTp7ImNhcnQiOnt9fQ==', '2019-09-15 17:59:08.867275'),
('8r5yd23m8ox3s6mokjnnp5463s70dq0i', 'NGE0ZDdiNWU5N2VkYTk0M2EzMDM3MzNiZTI1NTEzMjBkZTkwYzdkOTp7ImNhcnQiOnt9fQ==', '2019-09-09 12:40:14.338285'),
('8skz183qpv4ebehz65mlcvll13gvwpcl', 'NGE0ZDdiNWU5N2VkYTk0M2EzMDM3MzNiZTI1NTEzMjBkZTkwYzdkOTp7ImNhcnQiOnt9fQ==', '2019-09-01 07:51:11.556579'),
('8so91rc4kchdo6misyilrkj0ueivlc4q', 'NGE0ZDdiNWU5N2VkYTk0M2EzMDM3MzNiZTI1NTEzMjBkZTkwYzdkOTp7ImNhcnQiOnt9fQ==', '2019-09-01 10:25:42.745098'),
('8wh7pg21ch3vowhu2axxsdk7wib9denp', 'NGE0ZDdiNWU5N2VkYTk0M2EzMDM3MzNiZTI1NTEzMjBkZTkwYzdkOTp7ImNhcnQiOnt9fQ==', '2019-09-19 01:45:17.142141'),
('8y5iihyvf338syfhha6ab7bdo2b50xdd', 'NGE0ZDdiNWU5N2VkYTk0M2EzMDM3MzNiZTI1NTEzMjBkZTkwYzdkOTp7ImNhcnQiOnt9fQ==', '2019-09-13 00:00:48.319325'),
('8yhxgjfa6hn935qwirtz01usbc3hxu06', 'NGE0ZDdiNWU5N2VkYTk0M2EzMDM3MzNiZTI1NTEzMjBkZTkwYzdkOTp7ImNhcnQiOnt9fQ==', '2019-09-03 16:25:22.767514'),
('8zwboqmxf4131tngl19af4eilfglais3', 'NGE0ZDdiNWU5N2VkYTk0M2EzMDM3MzNiZTI1NTEzMjBkZTkwYzdkOTp7ImNhcnQiOnt9fQ==', '2019-09-22 04:23:36.287160'),
('92iksb8lprk444i9nvvjcgrtc3rp9jgs', 'NGE0ZDdiNWU5N2VkYTk0M2EzMDM3MzNiZTI1NTEzMjBkZTkwYzdkOTp7ImNhcnQiOnt9fQ==', '2019-09-11 09:07:17.449395'),
('92reahge8aco0uk8a31o9vnin6r7dprp', 'NGE0ZDdiNWU5N2VkYTk0M2EzMDM3MzNiZTI1NTEzMjBkZTkwYzdkOTp7ImNhcnQiOnt9fQ==', '2019-09-21 21:07:35.784004'),
('960jt5d119vcw96tvdo9zo8tx6rfikr5', 'NGE0ZDdiNWU5N2VkYTk0M2EzMDM3MzNiZTI1NTEzMjBkZTkwYzdkOTp7ImNhcnQiOnt9fQ==', '2019-09-16 18:49:42.820047'),
('980fi369i4od68nsx9vgv0f0wo4r2da1', 'NGE0ZDdiNWU5N2VkYTk0M2EzMDM3MzNiZTI1NTEzMjBkZTkwYzdkOTp7ImNhcnQiOnt9fQ==', '2019-09-26 07:22:44.590241'),
('98iwmx07wmv416w89vjp3g68ibz8e4hc', 'NGE0ZDdiNWU5N2VkYTk0M2EzMDM3MzNiZTI1NTEzMjBkZTkwYzdkOTp7ImNhcnQiOnt9fQ==', '2019-09-20 23:51:13.667735'),
('997jjwa5s38vi3eythv567igvfc0tgqb', 'NGE0ZDdiNWU5N2VkYTk0M2EzMDM3MzNiZTI1NTEzMjBkZTkwYzdkOTp7ImNhcnQiOnt9fQ==', '2019-09-11 20:52:34.842853'),
('9bhwjtcp9eulg7ujzwjp0mveuaotdln6', 'NGE0ZDdiNWU5N2VkYTk0M2EzMDM3MzNiZTI1NTEzMjBkZTkwYzdkOTp7ImNhcnQiOnt9fQ==', '2019-09-10 05:54:07.286590'),
('9bwporai3537bkelxl0db0lbb891tbh6', 'NGE0ZDdiNWU5N2VkYTk0M2EzMDM3MzNiZTI1NTEzMjBkZTkwYzdkOTp7ImNhcnQiOnt9fQ==', '2019-09-23 03:56:04.642521'),
('9dm6euy21sxvbr3jufj1wqylngvdzwk6', 'NGE0ZDdiNWU5N2VkYTk0M2EzMDM3MzNiZTI1NTEzMjBkZTkwYzdkOTp7ImNhcnQiOnt9fQ==', '2019-09-22 18:45:44.774311'),
('9ds9ltse3xfo0xhp9n6qcdkeunw5qjw0', 'NGE0ZDdiNWU5N2VkYTk0M2EzMDM3MzNiZTI1NTEzMjBkZTkwYzdkOTp7ImNhcnQiOnt9fQ==', '2019-09-09 16:48:11.577788'),
('9dyie0sffthw6jz4lsllbuxxatu8noc8', 'NGE0ZDdiNWU5N2VkYTk0M2EzMDM3MzNiZTI1NTEzMjBkZTkwYzdkOTp7ImNhcnQiOnt9fQ==', '2019-09-18 14:47:08.018986'),
('9if6x5d6baruhm668hrkazz20sc3e5po', 'NGE0ZDdiNWU5N2VkYTk0M2EzMDM3MzNiZTI1NTEzMjBkZTkwYzdkOTp7ImNhcnQiOnt9fQ==', '2019-09-18 23:32:38.429716'),
('9jkm7fvm7bk0v0flmu4adgqud4lwfu6x', 'NGE0ZDdiNWU5N2VkYTk0M2EzMDM3MzNiZTI1NTEzMjBkZTkwYzdkOTp7ImNhcnQiOnt9fQ==', '2019-09-03 19:45:31.230248'),
('9k8qham04o8h7t1ai962cent4gdntrdn', 'NGE0ZDdiNWU5N2VkYTk0M2EzMDM3MzNiZTI1NTEzMjBkZTkwYzdkOTp7ImNhcnQiOnt9fQ==', '2019-09-09 08:35:14.796384'),
('9le3yj7edxse9849h626emkvia9vp0fl', 'NGE0ZDdiNWU5N2VkYTk0M2EzMDM3MzNiZTI1NTEzMjBkZTkwYzdkOTp7ImNhcnQiOnt9fQ==', '2019-09-16 21:47:54.013126'),
('9o16aippk8wwyld5egyl5e2vqssxhb9c', 'NGE0ZDdiNWU5N2VkYTk0M2EzMDM3MzNiZTI1NTEzMjBkZTkwYzdkOTp7ImNhcnQiOnt9fQ==', '2019-09-23 19:19:37.299446'),
('9s8ugk75rxzfvszthjsslyimt14abylm', 'NGE0ZDdiNWU5N2VkYTk0M2EzMDM3MzNiZTI1NTEzMjBkZTkwYzdkOTp7ImNhcnQiOnt9fQ==', '2019-09-09 12:41:56.738796'),
('9xkkvun7f78mgruxz1aegos1unpjud19', 'NGE0ZDdiNWU5N2VkYTk0M2EzMDM3MzNiZTI1NTEzMjBkZTkwYzdkOTp7ImNhcnQiOnt9fQ==', '2019-09-26 06:15:54.993359'),
('9ybgwehgy2icrbgvuppdrwdlk2y0898w', 'NGE0ZDdiNWU5N2VkYTk0M2EzMDM3MzNiZTI1NTEzMjBkZTkwYzdkOTp7ImNhcnQiOnt9fQ==', '2019-09-03 16:56:08.791731'),
('9z1aayqtp5fnd8szrabjjf0p94hw416i', 'NGE0ZDdiNWU5N2VkYTk0M2EzMDM3MzNiZTI1NTEzMjBkZTkwYzdkOTp7ImNhcnQiOnt9fQ==', '2019-09-14 02:40:20.677640'),
('a2ml2oie5fzb0ez8zlytz29z2nvu2ejv', 'NGE0ZDdiNWU5N2VkYTk0M2EzMDM3MzNiZTI1NTEzMjBkZTkwYzdkOTp7ImNhcnQiOnt9fQ==', '2019-09-15 08:45:18.650473'),
('a540rmy3bktxjw65xww95vlv1uia40hr', 'NGE0ZDdiNWU5N2VkYTk0M2EzMDM3MzNiZTI1NTEzMjBkZTkwYzdkOTp7ImNhcnQiOnt9fQ==', '2019-09-17 14:23:02.776999'),
('a8vbzz44vljw1pikkysbi5zrr64lceoh', 'NGE0ZDdiNWU5N2VkYTk0M2EzMDM3MzNiZTI1NTEzMjBkZTkwYzdkOTp7ImNhcnQiOnt9fQ==', '2019-09-24 09:00:16.310975'),
('aafpcqcccxy4cc7vfiew6su23pba1mjb', 'NGE0ZDdiNWU5N2VkYTk0M2EzMDM3MzNiZTI1NTEzMjBkZTkwYzdkOTp7ImNhcnQiOnt9fQ==', '2019-09-04 14:43:29.032768'),
('adk3ucx0uq6nzu5scr1pymcwyn0esyhw', 'Mjg3NWM2MDdlNTMyZDg3ZWY1M2Y3OTY0MjEyZGRkNzEyM2M1ODA1MDp7ImZvcm1fZGF0YSI6eyJwYXNzd29yZCI6Ik1haGVzaEAxMjMiLCJlbWFpbCI6ImFuaWxAZ21haWwuY29tIiwiY3NyZm1pZGRsZXdhcmV0b2tlbiI6ImZHNTA4M3MzT2Q3OTg4VWNtRkgxUjdMZ1V2QURtdjB5amN6SGRmcTFuSHBTYlVGQ3Rsa09ISTJNaWplMGkySFMifSwiX2F1dGhfdXNlcl9oYXNoIjoiNDQzMTVkMTczMjdiODI5ZTQ1ODliMTU5ZGI5MzllNzlkZDI4MDdkNyIsIl9hdXRoX3VzZXJfaWQiOiIxNiIsIl9hdXRoX3VzZXJfYmFja2VuZCI6ImRqYW5nby5jb250cmliLmF1dGguYmFja2VuZHMuTW9kZWxCYWNrZW5kIn0=', '2019-06-22 10:18:57.996616'),
('ag4q1us7ospl7qmyiy1adgx40kh7hewm', 'NGE0ZDdiNWU5N2VkYTk0M2EzMDM3MzNiZTI1NTEzMjBkZTkwYzdkOTp7ImNhcnQiOnt9fQ==', '2019-09-12 23:57:35.903843'),
('aimj4zjdf7pqdbtvcv9oy7uwq88vu5zv', 'NGE0ZDdiNWU5N2VkYTk0M2EzMDM3MzNiZTI1NTEzMjBkZTkwYzdkOTp7ImNhcnQiOnt9fQ==', '2019-09-20 18:33:51.122273'),
('aiza3q6gs4ku2jijhtcaaij5pnnpnkiv', 'NGE0ZDdiNWU5N2VkYTk0M2EzMDM3MzNiZTI1NTEzMjBkZTkwYzdkOTp7ImNhcnQiOnt9fQ==', '2019-09-08 18:25:19.012167'),
('ajqq9amo3u7s631yp7cyq2skuchkoh2u', 'NGE0ZDdiNWU5N2VkYTk0M2EzMDM3MzNiZTI1NTEzMjBkZTkwYzdkOTp7ImNhcnQiOnt9fQ==', '2019-09-12 17:58:30.700591'),
('al6fpw189gwgd3v6ya6ngsc4khh2r5ay', 'NGE0ZDdiNWU5N2VkYTk0M2EzMDM3MzNiZTI1NTEzMjBkZTkwYzdkOTp7ImNhcnQiOnt9fQ==', '2019-09-12 14:00:17.003658'),
('al9h5zmevn6bym12nks7sovfyv1d9qvw', 'NGE0ZDdiNWU5N2VkYTk0M2EzMDM3MzNiZTI1NTEzMjBkZTkwYzdkOTp7ImNhcnQiOnt9fQ==', '2019-09-09 11:23:50.772157'),
('am2wbsqmwkri52f6ytfg2ijtk40imz5s', 'NGE0ZDdiNWU5N2VkYTk0M2EzMDM3MzNiZTI1NTEzMjBkZTkwYzdkOTp7ImNhcnQiOnt9fQ==', '2019-09-03 09:29:33.187753'),
('am93dnrwp0imx9zoeg1fcplcqjztdwx8', 'NGE0ZDdiNWU5N2VkYTk0M2EzMDM3MzNiZTI1NTEzMjBkZTkwYzdkOTp7ImNhcnQiOnt9fQ==', '2019-09-21 00:26:57.240144'),
('aovl171op90a39v9nklyh81xhbsdwkw3', 'NGE0ZDdiNWU5N2VkYTk0M2EzMDM3MzNiZTI1NTEzMjBkZTkwYzdkOTp7ImNhcnQiOnt9fQ==', '2019-09-22 08:07:12.927496'),
('aqqh9l4p25h4e32kzlysx9v4h0tre7u2', 'NGE0ZDdiNWU5N2VkYTk0M2EzMDM3MzNiZTI1NTEzMjBkZTkwYzdkOTp7ImNhcnQiOnt9fQ==', '2019-09-04 10:13:37.841950'),
('ar282fc69zge0zvvvdwm1t3xvnpwlkoh', 'NGE0ZDdiNWU5N2VkYTk0M2EzMDM3MzNiZTI1NTEzMjBkZTkwYzdkOTp7ImNhcnQiOnt9fQ==', '2019-09-09 21:49:33.853057'),
('awc1146gcel3eah3pl3kxz3fgjqxyd33', 'NGE0ZDdiNWU5N2VkYTk0M2EzMDM3MzNiZTI1NTEzMjBkZTkwYzdkOTp7ImNhcnQiOnt9fQ==', '2019-09-25 01:34:22.862880'),
('aws6ujt6luejnx3faa8283x02oe643dz', 'NGE0ZDdiNWU5N2VkYTk0M2EzMDM3MzNiZTI1NTEzMjBkZTkwYzdkOTp7ImNhcnQiOnt9fQ==', '2019-09-19 23:55:00.621038'),
('ax00xctz3k1yagbmowve3gb4a1ep3w8m', 'NGE0ZDdiNWU5N2VkYTk0M2EzMDM3MzNiZTI1NTEzMjBkZTkwYzdkOTp7ImNhcnQiOnt9fQ==', '2019-09-22 03:24:57.329327'),
('axuj5dn6eeesrvhncbxfjtuq3csruj84', 'NGE0ZDdiNWU5N2VkYTk0M2EzMDM3MzNiZTI1NTEzMjBkZTkwYzdkOTp7ImNhcnQiOnt9fQ==', '2019-09-11 11:42:57.449218'),
('azq1x5ghnp3nrmk11ju935t62xv263f6', 'NGE0ZDdiNWU5N2VkYTk0M2EzMDM3MzNiZTI1NTEzMjBkZTkwYzdkOTp7ImNhcnQiOnt9fQ==', '2019-09-25 00:10:09.749598'),
('b0nhkde1m8hrmal8oodqm06sryqa8q5j', 'NGE0ZDdiNWU5N2VkYTk0M2EzMDM3MzNiZTI1NTEzMjBkZTkwYzdkOTp7ImNhcnQiOnt9fQ==', '2019-09-21 10:39:26.805924'),
('b0vf73n8ynp344ebtmxjwfyzhir235gy', 'NGE0ZDdiNWU5N2VkYTk0M2EzMDM3MzNiZTI1NTEzMjBkZTkwYzdkOTp7ImNhcnQiOnt9fQ==', '2019-09-20 03:14:41.608695'),
('b1ejv7ougxtr6f0chhostht2nlede5gy', 'NGE0ZDdiNWU5N2VkYTk0M2EzMDM3MzNiZTI1NTEzMjBkZTkwYzdkOTp7ImNhcnQiOnt9fQ==', '2019-09-15 17:22:21.510853'),
('b3f8fhwou8gbppg50g4ar1dgn6k5ayj4', 'NGE0ZDdiNWU5N2VkYTk0M2EzMDM3MzNiZTI1NTEzMjBkZTkwYzdkOTp7ImNhcnQiOnt9fQ==', '2019-09-01 15:33:45.635975'),
('b3liartck29zqwm9dc93pn66mtdrpwyl', 'NGE0ZDdiNWU5N2VkYTk0M2EzMDM3MzNiZTI1NTEzMjBkZTkwYzdkOTp7ImNhcnQiOnt9fQ==', '2019-09-14 20:34:30.878005'),
('b5t8dr63oq0583t4nzpjjeuo363cfgcd', 'NGE0ZDdiNWU5N2VkYTk0M2EzMDM3MzNiZTI1NTEzMjBkZTkwYzdkOTp7ImNhcnQiOnt9fQ==', '2019-09-02 10:03:06.195773'),
('b6157bn1uebg3xfpyshhjumf6tv2sgl6', 'NGE0ZDdiNWU5N2VkYTk0M2EzMDM3MzNiZTI1NTEzMjBkZTkwYzdkOTp7ImNhcnQiOnt9fQ==', '2019-09-17 18:27:33.738684'),
('b8tx9xv4s18wfv3nlepregipq1uj6x5u', 'YTdiZDA1ZTY1YzRiMDk1MDJmODFjMjVmZmM3NWFhMGExMzlkMjBiNDp7ImZvcm1fZGF0YSI6eyJjc3JmbWlkZGxld2FyZXRva2VuIjoiRVZ3d3RWdHNCeDA3RnA2Y0FhZ09oTkZ1cURUeUpqUXV0V0ZlQUlyMEVkTjRZSUVLeUthNDFUVE1FVW4zeHRJcSIsInBhc3N3b3JkIjoiQWRtaW5AMTIzIiwiZW1haWwiOiJyYWphbkBnbWFpbC5jb20ifSwiX2F1dGhfdXNlcl9oYXNoIjoiYjlhMWQyZTJmMmFkNzZhYmE2M2FhNDdhMDhkYzUyNmVkZjc4ZjUxYyIsIl9hdXRoX3VzZXJfaWQiOiIxNyIsIl9hdXRoX3VzZXJfYmFja2VuZCI6ImRqYW5nby5jb250cmliLmF1dGguYmFja2VuZHMuTW9kZWxCYWNrZW5kIiwiY2FydCI6eyI0Ijp7InByaWNlIjoiMTIwIiwicXVhbnRpdHkiOjJ9fX0=', '2019-08-04 08:14:00.788566'),
('bajp2cvhm020bircgdnznao4nm739ejd', 'NGE0ZDdiNWU5N2VkYTk0M2EzMDM3MzNiZTI1NTEzMjBkZTkwYzdkOTp7ImNhcnQiOnt9fQ==', '2019-09-09 12:05:09.034338'),
('bam8chsa4nzciwoqd4qu1i7hsvyotltq', 'NGE0ZDdiNWU5N2VkYTk0M2EzMDM3MzNiZTI1NTEzMjBkZTkwYzdkOTp7ImNhcnQiOnt9fQ==', '2019-09-18 10:53:56.836875'),
('baqr1bd17zrh77fbveszr7ix7ohmyydd', 'NGE0ZDdiNWU5N2VkYTk0M2EzMDM3MzNiZTI1NTEzMjBkZTkwYzdkOTp7ImNhcnQiOnt9fQ==', '2019-09-18 09:10:57.918945'),
('bbu8bw6hkgsrgkn3c5bztxxbwr5xurd3', 'NGE0ZDdiNWU5N2VkYTk0M2EzMDM3MzNiZTI1NTEzMjBkZTkwYzdkOTp7ImNhcnQiOnt9fQ==', '2019-09-11 09:07:10.770182'),
('bby5ggcknrhcd3vmpvztofwfrx01xy3w', 'NGE0ZDdiNWU5N2VkYTk0M2EzMDM3MzNiZTI1NTEzMjBkZTkwYzdkOTp7ImNhcnQiOnt9fQ==', '2019-09-14 11:18:08.120289'),
('bciazm1rfi1y06ff27zpehwft0is3z0d', 'NGE0ZDdiNWU5N2VkYTk0M2EzMDM3MzNiZTI1NTEzMjBkZTkwYzdkOTp7ImNhcnQiOnt9fQ==', '2019-09-23 16:55:46.936725'),
('bkh3fygdkbljjqunwt6pfnsqnvm6slys', 'NGE0ZDdiNWU5N2VkYTk0M2EzMDM3MzNiZTI1NTEzMjBkZTkwYzdkOTp7ImNhcnQiOnt9fQ==', '2019-09-16 22:32:02.751352'),
('bkugije9dwshxn78lv0kw3wau8xpqmcf', 'NGE0ZDdiNWU5N2VkYTk0M2EzMDM3MzNiZTI1NTEzMjBkZTkwYzdkOTp7ImNhcnQiOnt9fQ==', '2019-09-10 19:48:23.570901'),
('bmnkk5ivwyph5qvcaz53jrjpntqizs2t', 'NGE0ZDdiNWU5N2VkYTk0M2EzMDM3MzNiZTI1NTEzMjBkZTkwYzdkOTp7ImNhcnQiOnt9fQ==', '2019-09-26 09:11:47.497667'),
('bnd920pkepcfv5lcb6ojg0lkg8q4q6dj', 'NGE0ZDdiNWU5N2VkYTk0M2EzMDM3MzNiZTI1NTEzMjBkZTkwYzdkOTp7ImNhcnQiOnt9fQ==', '2019-09-20 09:52:18.475067'),
('buq1t7yzgjmwpdhwwpdzeaexk961cyh0', 'NGE0ZDdiNWU5N2VkYTk0M2EzMDM3MzNiZTI1NTEzMjBkZTkwYzdkOTp7ImNhcnQiOnt9fQ==', '2019-09-02 23:00:31.832409'),
('bv0ve0bnxnm2xhdy1jx0i4yk0xbcc54y', 'NGE0ZDdiNWU5N2VkYTk0M2EzMDM3MzNiZTI1NTEzMjBkZTkwYzdkOTp7ImNhcnQiOnt9fQ==', '2019-09-16 05:31:54.842812'),
('bvcn3hecks2ue91sin6thej5v6we7fcq', 'NGE0ZDdiNWU5N2VkYTk0M2EzMDM3MzNiZTI1NTEzMjBkZTkwYzdkOTp7ImNhcnQiOnt9fQ==', '2019-09-15 01:09:04.856703'),
('by4q2m3prm04fj8wxy953wv0pr9m91p3', 'NGE0ZDdiNWU5N2VkYTk0M2EzMDM3MzNiZTI1NTEzMjBkZTkwYzdkOTp7ImNhcnQiOnt9fQ==', '2019-09-23 03:55:57.412392'),
('bz6huxtagu8ghda0k0h6zprb17p95hms', 'NGE0ZDdiNWU5N2VkYTk0M2EzMDM3MzNiZTI1NTEzMjBkZTkwYzdkOTp7ImNhcnQiOnt9fQ==', '2019-09-23 13:11:58.748383'),
('c3be5eelvvj8ptao4y28lpf8iklne5op', 'NGE0ZDdiNWU5N2VkYTk0M2EzMDM3MzNiZTI1NTEzMjBkZTkwYzdkOTp7ImNhcnQiOnt9fQ==', '2019-09-02 17:26:47.338773'),
('c3qlslmzot651bhrwnd7836loj0g5hru', 'NGE0ZDdiNWU5N2VkYTk0M2EzMDM3MzNiZTI1NTEzMjBkZTkwYzdkOTp7ImNhcnQiOnt9fQ==', '2019-09-24 07:25:01.290185'),
('c4hx82gjspwsia5k29eax5kk3sb6opwh', 'NGE0ZDdiNWU5N2VkYTk0M2EzMDM3MzNiZTI1NTEzMjBkZTkwYzdkOTp7ImNhcnQiOnt9fQ==', '2019-09-18 01:10:41.177493'),
('c55a24w71sbrq502zyipymdvhbi00v00', 'NGE0ZDdiNWU5N2VkYTk0M2EzMDM3MzNiZTI1NTEzMjBkZTkwYzdkOTp7ImNhcnQiOnt9fQ==', '2019-09-02 20:10:34.449647'),
('c60hcx68e6je1s3nlfhem0a74gnkdzvf', 'NGE0ZDdiNWU5N2VkYTk0M2EzMDM3MzNiZTI1NTEzMjBkZTkwYzdkOTp7ImNhcnQiOnt9fQ==', '2019-09-23 16:57:02.047259'),
('c6uxqgyhq0410epnej5ig7fh4gu5uiib', 'NGE0ZDdiNWU5N2VkYTk0M2EzMDM3MzNiZTI1NTEzMjBkZTkwYzdkOTp7ImNhcnQiOnt9fQ==', '2019-09-05 01:21:52.105068'),
('c76dq2tbj617a5w79of7lqs6u81pkq13', 'NGE0ZDdiNWU5N2VkYTk0M2EzMDM3MzNiZTI1NTEzMjBkZTkwYzdkOTp7ImNhcnQiOnt9fQ==', '2019-09-08 16:54:40.476739'),
('c78mw0rlf8glanj11741avtly0950ga1', 'NGE0ZDdiNWU5N2VkYTk0M2EzMDM3MzNiZTI1NTEzMjBkZTkwYzdkOTp7ImNhcnQiOnt9fQ==', '2019-09-22 22:05:17.041469'),
('c8ixbxyer71a64z49nhoho3u8ionwgev', 'NGE0ZDdiNWU5N2VkYTk0M2EzMDM3MzNiZTI1NTEzMjBkZTkwYzdkOTp7ImNhcnQiOnt9fQ==', '2019-09-04 14:59:28.101504'),
('c9g08iwatvu1cyz912cxie20k5us7p0h', 'NGE0ZDdiNWU5N2VkYTk0M2EzMDM3MzNiZTI1NTEzMjBkZTkwYzdkOTp7ImNhcnQiOnt9fQ==', '2019-09-20 06:51:00.612997'),
('cdgtle9n2lzf2q85nyh05i7yw1dzadlb', 'NGE0ZDdiNWU5N2VkYTk0M2EzMDM3MzNiZTI1NTEzMjBkZTkwYzdkOTp7ImNhcnQiOnt9fQ==', '2019-09-19 00:56:02.605895'),
('cej6k02lsp5499q2u8tsoxxz5yg9xt5e', 'NGE0ZDdiNWU5N2VkYTk0M2EzMDM3MzNiZTI1NTEzMjBkZTkwYzdkOTp7ImNhcnQiOnt9fQ==', '2019-09-15 10:56:59.382320'),
('cf0gd9nc78cl3vhg0p0oqxc89yjye1jd', 'NGE0ZDdiNWU5N2VkYTk0M2EzMDM3MzNiZTI1NTEzMjBkZTkwYzdkOTp7ImNhcnQiOnt9fQ==', '2019-09-19 11:06:52.834188'),
('cgfpdwbxbibgmehatm5zl1z4y3cbypnl', 'NGE0ZDdiNWU5N2VkYTk0M2EzMDM3MzNiZTI1NTEzMjBkZTkwYzdkOTp7ImNhcnQiOnt9fQ==', '2019-09-20 17:05:09.372521'),
('cgv9d9xi3l53sj5cs00jhqlu5r691og3', 'NGE0ZDdiNWU5N2VkYTk0M2EzMDM3MzNiZTI1NTEzMjBkZTkwYzdkOTp7ImNhcnQiOnt9fQ==', '2019-09-24 16:56:41.471664'),
('chn69swws0quevxvcbb5rzifw277drjl', 'NGE0ZDdiNWU5N2VkYTk0M2EzMDM3MzNiZTI1NTEzMjBkZTkwYzdkOTp7ImNhcnQiOnt9fQ==', '2019-09-10 19:11:23.896776'),
('cibw0m9bquijef8xb2mpg4ykde34676a', 'NGE0ZDdiNWU5N2VkYTk0M2EzMDM3MzNiZTI1NTEzMjBkZTkwYzdkOTp7ImNhcnQiOnt9fQ==', '2019-09-14 04:00:34.901428'),
('cigj9hjf4lpwnslckx8tileve2vzx5jr', 'NGE0ZDdiNWU5N2VkYTk0M2EzMDM3MzNiZTI1NTEzMjBkZTkwYzdkOTp7ImNhcnQiOnt9fQ==', '2019-09-14 18:12:06.562811'),
('ck0g77bnh9f17qpnclh25eec6j429m07', 'NGE0ZDdiNWU5N2VkYTk0M2EzMDM3MzNiZTI1NTEzMjBkZTkwYzdkOTp7ImNhcnQiOnt9fQ==', '2019-09-04 10:13:35.039909'),
('ckvf1gnugw2ghwdbdas2naj3mgtbp8l0', 'NGE0ZDdiNWU5N2VkYTk0M2EzMDM3MzNiZTI1NTEzMjBkZTkwYzdkOTp7ImNhcnQiOnt9fQ==', '2019-09-19 08:41:02.552112'),
('cmzt8wiybm9j6y6jgmg0xemf1geuc0gk', 'NGE0ZDdiNWU5N2VkYTk0M2EzMDM3MzNiZTI1NTEzMjBkZTkwYzdkOTp7ImNhcnQiOnt9fQ==', '2019-09-21 18:42:12.947447'),
('cnlbpmmi15zpyh4eloztrprorc2gam8x', 'NGE0ZDdiNWU5N2VkYTk0M2EzMDM3MzNiZTI1NTEzMjBkZTkwYzdkOTp7ImNhcnQiOnt9fQ==', '2019-09-23 16:55:33.917111'),
('cogp9wnif66wpnwyksmo7obxk3e0gb1g', 'NGE0ZDdiNWU5N2VkYTk0M2EzMDM3MzNiZTI1NTEzMjBkZTkwYzdkOTp7ImNhcnQiOnt9fQ==', '2019-09-20 06:54:45.616000'),
('cq7fvxahi4yg3pvkfe2t5jggpn2x916y', 'NGE0ZDdiNWU5N2VkYTk0M2EzMDM3MzNiZTI1NTEzMjBkZTkwYzdkOTp7ImNhcnQiOnt9fQ==', '2019-09-20 11:12:43.379871'),
('cqcxwjxfu9u07oiyuy3moxvza21n00h5', 'NGE0ZDdiNWU5N2VkYTk0M2EzMDM3MzNiZTI1NTEzMjBkZTkwYzdkOTp7ImNhcnQiOnt9fQ==', '2019-09-02 09:09:33.043971'),
('crk7kl869ycep3n509qvncwwiiqrsbz1', 'NGE0ZDdiNWU5N2VkYTk0M2EzMDM3MzNiZTI1NTEzMjBkZTkwYzdkOTp7ImNhcnQiOnt9fQ==', '2019-09-20 16:21:59.272665'),
('csdlo99vus7esw1vuon9xfp7e0061fcl', 'NGE0ZDdiNWU5N2VkYTk0M2EzMDM3MzNiZTI1NTEzMjBkZTkwYzdkOTp7ImNhcnQiOnt9fQ==', '2019-09-11 20:52:55.833897'),
('ct8dvthzabg34ezbih098guwcjw3h0eb', 'NGE0ZDdiNWU5N2VkYTk0M2EzMDM3MzNiZTI1NTEzMjBkZTkwYzdkOTp7ImNhcnQiOnt9fQ==', '2019-09-13 10:14:06.417932'),
('cvnvdxy1j57i7houekcl20eo5ioyrwpo', 'NGE0ZDdiNWU5N2VkYTk0M2EzMDM3MzNiZTI1NTEzMjBkZTkwYzdkOTp7ImNhcnQiOnt9fQ==', '2019-09-23 03:56:02.943175'),
('cwc2be5ea8vd33e8f9f25nmyh3kbvau9', 'NGE0ZDdiNWU5N2VkYTk0M2EzMDM3MzNiZTI1NTEzMjBkZTkwYzdkOTp7ImNhcnQiOnt9fQ==', '2019-09-21 06:24:54.311670'),
('cx9zf65s3msegip4cux9e9u0dagwys22', 'NGE0ZDdiNWU5N2VkYTk0M2EzMDM3MzNiZTI1NTEzMjBkZTkwYzdkOTp7ImNhcnQiOnt9fQ==', '2019-09-09 01:40:19.586527'),
('cy1vgvk3gvyov17hd0xytykucqclfsou', 'NGE0ZDdiNWU5N2VkYTk0M2EzMDM3MzNiZTI1NTEzMjBkZTkwYzdkOTp7ImNhcnQiOnt9fQ==', '2019-09-17 23:19:49.051302'),
('cy58eii68xclg75cmu8ceoixcim8w13r', 'NGE0ZDdiNWU5N2VkYTk0M2EzMDM3MzNiZTI1NTEzMjBkZTkwYzdkOTp7ImNhcnQiOnt9fQ==', '2019-09-15 13:47:10.104650'),
('cyicnkgxr5ij22tbf7rofdtwq0889b7u', 'NGE0ZDdiNWU5N2VkYTk0M2EzMDM3MzNiZTI1NTEzMjBkZTkwYzdkOTp7ImNhcnQiOnt9fQ==', '2019-09-04 05:35:26.688557'),
('czt45gd20cxdsyxoenzm3lepo3l4zke3', 'NGE0ZDdiNWU5N2VkYTk0M2EzMDM3MzNiZTI1NTEzMjBkZTkwYzdkOTp7ImNhcnQiOnt9fQ==', '2019-09-11 09:07:26.488082'),
('d09d161fyxc9u5w3ie0p4qi0qypbspge', 'NGE0ZDdiNWU5N2VkYTk0M2EzMDM3MzNiZTI1NTEzMjBkZTkwYzdkOTp7ImNhcnQiOnt9fQ==', '2019-09-24 10:46:10.350195'),
('d8b7egp5pv1nd9e8aesuacrzjoyyrrnx', 'NGE0ZDdiNWU5N2VkYTk0M2EzMDM3MzNiZTI1NTEzMjBkZTkwYzdkOTp7ImNhcnQiOnt9fQ==', '2019-09-11 17:03:22.034395'),
('d9i81f370f230zdebjbfs2h50k0fw3k0', 'NGE0ZDdiNWU5N2VkYTk0M2EzMDM3MzNiZTI1NTEzMjBkZTkwYzdkOTp7ImNhcnQiOnt9fQ==', '2019-09-12 19:00:31.710914'),
('dasakq36ru5kg7zkcnifsac88hbuvqjs', 'NGE0ZDdiNWU5N2VkYTk0M2EzMDM3MzNiZTI1NTEzMjBkZTkwYzdkOTp7ImNhcnQiOnt9fQ==', '2019-09-10 15:15:27.844270'),
('ded9ugm9gmeowdj4hsd431yg2tv33kkt', 'NGE0ZDdiNWU5N2VkYTk0M2EzMDM3MzNiZTI1NTEzMjBkZTkwYzdkOTp7ImNhcnQiOnt9fQ==', '2019-09-24 09:52:26.666010'),
('df9iqxn1nh6tvpmwilnunftzje45nf22', 'NGE0ZDdiNWU5N2VkYTk0M2EzMDM3MzNiZTI1NTEzMjBkZTkwYzdkOTp7ImNhcnQiOnt9fQ==', '2019-09-10 09:47:59.763514'),
('dgfnnpvv7orzzn46lwjyyfjce9jbmq77', 'NGE0ZDdiNWU5N2VkYTk0M2EzMDM3MzNiZTI1NTEzMjBkZTkwYzdkOTp7ImNhcnQiOnt9fQ==', '2019-09-23 11:21:32.666565'),
('dkujroqur0dhj1oqr9mr6ujjdr7g9vaw', 'NGE0ZDdiNWU5N2VkYTk0M2EzMDM3MzNiZTI1NTEzMjBkZTkwYzdkOTp7ImNhcnQiOnt9fQ==', '2019-09-04 05:36:33.718508'),
('dl6ucsule7qtstlzoekndor85tmogb1c', 'NGE0ZDdiNWU5N2VkYTk0M2EzMDM3MzNiZTI1NTEzMjBkZTkwYzdkOTp7ImNhcnQiOnt9fQ==', '2019-09-22 04:02:50.130206'),
('dlf4a316uf1jfaq69lbmdyeso85kr5mt', 'NGE0ZDdiNWU5N2VkYTk0M2EzMDM3MzNiZTI1NTEzMjBkZTkwYzdkOTp7ImNhcnQiOnt9fQ==', '2019-09-21 09:22:40.840964'),
('dm0f94irraldxevrwizjurz0b7t06bzi', 'NGE0ZDdiNWU5N2VkYTk0M2EzMDM3MzNiZTI1NTEzMjBkZTkwYzdkOTp7ImNhcnQiOnt9fQ==', '2019-09-10 19:11:34.867979'),
('dp6p4yh2t0ojjyearrwbobhr6zk0x8he', 'NGE0ZDdiNWU5N2VkYTk0M2EzMDM3MzNiZTI1NTEzMjBkZTkwYzdkOTp7ImNhcnQiOnt9fQ==', '2019-09-23 17:21:49.801067'),
('dpjtz7g40wocsc9h6rzh7kgz2jq0i16f', 'NGE0ZDdiNWU5N2VkYTk0M2EzMDM3MzNiZTI1NTEzMjBkZTkwYzdkOTp7ImNhcnQiOnt9fQ==', '2019-09-20 08:49:28.524694'),
('dql85lnxt27wxh65q3gh1e69a6iqggta', 'NGE0ZDdiNWU5N2VkYTk0M2EzMDM3MzNiZTI1NTEzMjBkZTkwYzdkOTp7ImNhcnQiOnt9fQ==', '2019-09-15 10:42:41.602764'),
('dtcdhjwb1xecywi0t69l681x5l45cg0o', 'NGE0ZDdiNWU5N2VkYTk0M2EzMDM3MzNiZTI1NTEzMjBkZTkwYzdkOTp7ImNhcnQiOnt9fQ==', '2019-09-09 12:41:56.669936'),
('dvcekipbgvjklmirgz8sidx0c4x74hhk', 'NGE0ZDdiNWU5N2VkYTk0M2EzMDM3MzNiZTI1NTEzMjBkZTkwYzdkOTp7ImNhcnQiOnt9fQ==', '2019-09-11 21:47:57.905007'),
('dwm4c8ii5mzh600q17myjuyhli6avye5', 'NGE0ZDdiNWU5N2VkYTk0M2EzMDM3MzNiZTI1NTEzMjBkZTkwYzdkOTp7ImNhcnQiOnt9fQ==', '2019-09-13 12:47:37.411633'),
('dyj8st7fds7y0zj5imleh886ct7pj564', 'NGE0ZDdiNWU5N2VkYTk0M2EzMDM3MzNiZTI1NTEzMjBkZTkwYzdkOTp7ImNhcnQiOnt9fQ==', '2019-09-15 03:14:32.343106'),
('dzcrfr21wraapqwfam7cyy9t681d9v61', 'NGE0ZDdiNWU5N2VkYTk0M2EzMDM3MzNiZTI1NTEzMjBkZTkwYzdkOTp7ImNhcnQiOnt9fQ==', '2019-09-25 13:58:49.998113'),
('e200pcmxjimpz0shmx04595s31dr2nje', 'YThjMTdkZGQ4MzgyMDEwMWNlNGRjOTEwYzU0ZWUyNTcxOGI4NzU5MTp7ImZvcm1fZGF0YSI6eyJjc3JmbWlkZGxld2FyZXRva2VuIjoidDNMWXkxZVNNQ1JVVkhINHNhQUNrY1hSM21pTmt6cWhrU1VoMWlJSk1LdktEUDFUS2lQTDJCQ3o5OE1oa3N1NSIsImVtYWlsIjoicmFqYW5zdG9yZTExQGdtYWlsLmNvbSIsInBhc3N3b3JkIjoiUmFqYW5AMTIzIn0sIl9hdXRoX3VzZXJfaWQiOiIxOCIsIl9hdXRoX3VzZXJfYmFja2VuZCI6ImRqYW5nby5jb250cmliLmF1dGguYmFja2VuZHMuTW9kZWxCYWNrZW5kIiwiX2F1dGhfdXNlcl9oYXNoIjoiZjcxM2U1ODJhYWUyZWI5YTZmMzJjYmEzMmY5OTUwMjEyYTQ4ZThhMSJ9', '2019-09-01 07:45:16.386123'),
('e2a2wvhs4kck5usi4p70qd5dc66rm05m', 'NGE0ZDdiNWU5N2VkYTk0M2EzMDM3MzNiZTI1NTEzMjBkZTkwYzdkOTp7ImNhcnQiOnt9fQ==', '2019-09-09 12:57:41.196530'),
('e5o1bon2umbcgpih8snyceermggfdelc', 'NGE0ZDdiNWU5N2VkYTk0M2EzMDM3MzNiZTI1NTEzMjBkZTkwYzdkOTp7ImNhcnQiOnt9fQ==', '2019-09-12 19:18:51.252811'),
('e7yx5g2r0imyls98e010w7y5vmsrzyhv', 'NGE0ZDdiNWU5N2VkYTk0M2EzMDM3MzNiZTI1NTEzMjBkZTkwYzdkOTp7ImNhcnQiOnt9fQ==', '2019-09-20 01:02:53.596594'),
('e8f71qp5dxilfwnhzljwi4ngje39txh9', 'NGE0ZDdiNWU5N2VkYTk0M2EzMDM3MzNiZTI1NTEzMjBkZTkwYzdkOTp7ImNhcnQiOnt9fQ==', '2019-09-23 09:12:38.229293'),
('eb729zypc4v6wm8pfzg24g0415jl3f02', 'NGE0ZDdiNWU5N2VkYTk0M2EzMDM3MzNiZTI1NTEzMjBkZTkwYzdkOTp7ImNhcnQiOnt9fQ==', '2019-09-02 02:13:40.012111'),
('eebmn42vufc4q1tq6216vp24q5if8v5y', 'NGE0ZDdiNWU5N2VkYTk0M2EzMDM3MzNiZTI1NTEzMjBkZTkwYzdkOTp7ImNhcnQiOnt9fQ==', '2019-09-02 18:54:20.391173'),
('ef08wn96y871sxiouh6n30h62biy44uo', 'NGE0ZDdiNWU5N2VkYTk0M2EzMDM3MzNiZTI1NTEzMjBkZTkwYzdkOTp7ImNhcnQiOnt9fQ==', '2019-09-14 13:54:47.590560'),
('elxjq6l9ysmx6dczpeliptkdv93o6uy1', 'NGE0ZDdiNWU5N2VkYTk0M2EzMDM3MzNiZTI1NTEzMjBkZTkwYzdkOTp7ImNhcnQiOnt9fQ==', '2019-09-11 13:44:30.666321'),
('elyp069fb30x0y6pv1njachjo3bnq3zm', 'NGE0ZDdiNWU5N2VkYTk0M2EzMDM3MzNiZTI1NTEzMjBkZTkwYzdkOTp7ImNhcnQiOnt9fQ==', '2019-09-01 23:22:05.711727'),
('eo2ohdzgyaadw9z6uqp9b0haiokx383l', 'NGE0ZDdiNWU5N2VkYTk0M2EzMDM3MzNiZTI1NTEzMjBkZTkwYzdkOTp7ImNhcnQiOnt9fQ==', '2019-09-10 15:02:37.761546'),
('eophoky8u4b5jvi8xk568tsuepqjfd5x', 'NGE0ZDdiNWU5N2VkYTk0M2EzMDM3MzNiZTI1NTEzMjBkZTkwYzdkOTp7ImNhcnQiOnt9fQ==', '2019-09-20 01:55:18.355717'),
('ep5xp8rjtqceyaxkxnl0z2zkce2n57xt', 'NGE0ZDdiNWU5N2VkYTk0M2EzMDM3MzNiZTI1NTEzMjBkZTkwYzdkOTp7ImNhcnQiOnt9fQ==', '2019-09-03 19:58:45.580427'),
('eqe03ao7xvi2k46vc6coqepnbawalxiy', 'NGE0ZDdiNWU5N2VkYTk0M2EzMDM3MzNiZTI1NTEzMjBkZTkwYzdkOTp7ImNhcnQiOnt9fQ==', '2019-09-10 23:12:59.475323'),
('eqp8ibi0dznbuzgewtkq3isqsi4gcnao', 'NGE0ZDdiNWU5N2VkYTk0M2EzMDM3MzNiZTI1NTEzMjBkZTkwYzdkOTp7ImNhcnQiOnt9fQ==', '2019-09-09 04:00:41.287903'),
('etfdizecpcsclse36hll83fcnueu11r3', 'NGE0ZDdiNWU5N2VkYTk0M2EzMDM3MzNiZTI1NTEzMjBkZTkwYzdkOTp7ImNhcnQiOnt9fQ==', '2019-09-09 12:42:36.026007');
INSERT INTO `django_session` (`session_key`, `session_data`, `expire_date`) VALUES
('euqpicvjq0pd07t8iq3cgep75db0w5lq', 'NGE0ZDdiNWU5N2VkYTk0M2EzMDM3MzNiZTI1NTEzMjBkZTkwYzdkOTp7ImNhcnQiOnt9fQ==', '2019-09-12 13:52:27.762327'),
('euwp5atete1yunvxu6ne2rw6c8foff8d', 'NGE0ZDdiNWU5N2VkYTk0M2EzMDM3MzNiZTI1NTEzMjBkZTkwYzdkOTp7ImNhcnQiOnt9fQ==', '2019-08-25 10:55:39.273583'),
('evur5h6651n0endh0j3eoonjqnvh7f8h', 'NGE0ZDdiNWU5N2VkYTk0M2EzMDM3MzNiZTI1NTEzMjBkZTkwYzdkOTp7ImNhcnQiOnt9fQ==', '2019-09-01 14:22:40.190925'),
('ex9sktl29japjvomzfdq1ybm6dmr8hv0', 'NGE0ZDdiNWU5N2VkYTk0M2EzMDM3MzNiZTI1NTEzMjBkZTkwYzdkOTp7ImNhcnQiOnt9fQ==', '2019-09-18 21:25:43.310397'),
('ey4juk4aooqgl44h9pv5bh50g7r8b8jc', 'NGE0ZDdiNWU5N2VkYTk0M2EzMDM3MzNiZTI1NTEzMjBkZTkwYzdkOTp7ImNhcnQiOnt9fQ==', '2019-09-15 02:57:00.761708'),
('eypyzr0hs5w1kuu6fk9i7ueg5xyg2dr2', 'NGE0ZDdiNWU5N2VkYTk0M2EzMDM3MzNiZTI1NTEzMjBkZTkwYzdkOTp7ImNhcnQiOnt9fQ==', '2019-09-19 01:17:47.888711'),
('f0e3nc6vjp9julicmr3owlmhf06fg9g9', 'NGE0ZDdiNWU5N2VkYTk0M2EzMDM3MzNiZTI1NTEzMjBkZTkwYzdkOTp7ImNhcnQiOnt9fQ==', '2019-09-16 22:32:00.639220'),
('f1iccrorj5szal5ka01lvxnvkpxdfysi', 'NGE0ZDdiNWU5N2VkYTk0M2EzMDM3MzNiZTI1NTEzMjBkZTkwYzdkOTp7ImNhcnQiOnt9fQ==', '2019-09-24 15:27:34.005313'),
('f25l6q3c8qrqj9kjvayuhw0lhabeyye0', 'NGE0ZDdiNWU5N2VkYTk0M2EzMDM3MzNiZTI1NTEzMjBkZTkwYzdkOTp7ImNhcnQiOnt9fQ==', '2019-09-21 04:37:04.026231'),
('fa6mqw756iplrorzuc5in5sygqyrfm7u', 'NGE0ZDdiNWU5N2VkYTk0M2EzMDM3MzNiZTI1NTEzMjBkZTkwYzdkOTp7ImNhcnQiOnt9fQ==', '2019-09-11 20:52:11.922610'),
('fb79h389hmnuu8p9z6x2gjk9ubb6jwnb', 'NGE0ZDdiNWU5N2VkYTk0M2EzMDM3MzNiZTI1NTEzMjBkZTkwYzdkOTp7ImNhcnQiOnt9fQ==', '2019-09-25 11:53:37.233853'),
('fbdu0aa29f8ypuif1pqctq1na0wvaogp', 'NGE0ZDdiNWU5N2VkYTk0M2EzMDM3MzNiZTI1NTEzMjBkZTkwYzdkOTp7ImNhcnQiOnt9fQ==', '2019-09-18 21:39:08.317181'),
('fc63w0909bare7ipfy0jm0ssnlln699m', 'NGE0ZDdiNWU5N2VkYTk0M2EzMDM3MzNiZTI1NTEzMjBkZTkwYzdkOTp7ImNhcnQiOnt9fQ==', '2019-09-18 12:29:53.955541'),
('ffon5mmjqzj6zi5c0qs97g5wezmvwerd', 'NGE0ZDdiNWU5N2VkYTk0M2EzMDM3MzNiZTI1NTEzMjBkZTkwYzdkOTp7ImNhcnQiOnt9fQ==', '2019-09-24 17:03:49.707849'),
('fk0vl4c57pkixfydu6idvoovqa0vzz1v', 'NGE0ZDdiNWU5N2VkYTk0M2EzMDM3MzNiZTI1NTEzMjBkZTkwYzdkOTp7ImNhcnQiOnt9fQ==', '2019-09-17 12:50:10.760831'),
('flxyymed94kqz98zfyq3zog39e0kxyyn', 'ODZiY2FiNGJmNmZkNzFmMzc0OTY5ZjExMTY5MjZhMjU2N2RkNmRlZjp7fQ==', '2019-05-26 05:59:41.394986'),
('fm2wr3kug91kg7t90kxddqsqgahqfm4n', 'NGE0ZDdiNWU5N2VkYTk0M2EzMDM3MzNiZTI1NTEzMjBkZTkwYzdkOTp7ImNhcnQiOnt9fQ==', '2019-09-02 21:31:59.245123'),
('fqxw4gxnm9gdj8fll6voyov3etevx5d4', 'NGE0ZDdiNWU5N2VkYTk0M2EzMDM3MzNiZTI1NTEzMjBkZTkwYzdkOTp7ImNhcnQiOnt9fQ==', '2019-09-03 01:55:07.420480'),
('fssctwgw13mdv11j1giv3wr3ls4zp7s4', 'NGE0ZDdiNWU5N2VkYTk0M2EzMDM3MzNiZTI1NTEzMjBkZTkwYzdkOTp7ImNhcnQiOnt9fQ==', '2019-09-23 03:55:48.735782'),
('fxwcmb29kt5l2ibc4k2dsnpu6y850flf', 'NGE0ZDdiNWU5N2VkYTk0M2EzMDM3MzNiZTI1NTEzMjBkZTkwYzdkOTp7ImNhcnQiOnt9fQ==', '2019-09-23 06:46:01.057999'),
('fyxuwmdxnbue2t9hgb08jr04y6lxatni', 'NGE0ZDdiNWU5N2VkYTk0M2EzMDM3MzNiZTI1NTEzMjBkZTkwYzdkOTp7ImNhcnQiOnt9fQ==', '2019-09-19 09:07:40.025932'),
('g0aej1bb7s0t2b1q7zb9k5hyk5kc4xgu', 'NGE0ZDdiNWU5N2VkYTk0M2EzMDM3MzNiZTI1NTEzMjBkZTkwYzdkOTp7ImNhcnQiOnt9fQ==', '2019-09-13 16:18:35.804387'),
('g0bwne2tl2wh9z7ff2985mnzz8q46acs', 'NGE0ZDdiNWU5N2VkYTk0M2EzMDM3MzNiZTI1NTEzMjBkZTkwYzdkOTp7ImNhcnQiOnt9fQ==', '2019-09-10 19:12:16.948454'),
('g0wdrbapbzep2telrs8h5k9wyv3pofyi', 'NGE0ZDdiNWU5N2VkYTk0M2EzMDM3MzNiZTI1NTEzMjBkZTkwYzdkOTp7ImNhcnQiOnt9fQ==', '2019-09-04 19:06:30.996943'),
('g1xsfjatwv9mlvwm9dyoy893dhbzk2ci', 'NGE0ZDdiNWU5N2VkYTk0M2EzMDM3MzNiZTI1NTEzMjBkZTkwYzdkOTp7ImNhcnQiOnt9fQ==', '2019-09-15 20:54:35.085091'),
('g6wcmghnh4b8jsa5ewuy1jofm7ldrvzm', 'NGE0ZDdiNWU5N2VkYTk0M2EzMDM3MzNiZTI1NTEzMjBkZTkwYzdkOTp7ImNhcnQiOnt9fQ==', '2019-09-20 16:17:49.224175'),
('g9qw31wgz2enfkwnk8pui50rgtzrjr11', 'NGE0ZDdiNWU5N2VkYTk0M2EzMDM3MzNiZTI1NTEzMjBkZTkwYzdkOTp7ImNhcnQiOnt9fQ==', '2019-09-04 17:48:25.906439'),
('gbbmc39tzqt6zxs3z9yiwungva10xeyw', 'NGE0ZDdiNWU5N2VkYTk0M2EzMDM3MzNiZTI1NTEzMjBkZTkwYzdkOTp7ImNhcnQiOnt9fQ==', '2019-09-10 18:52:55.187462'),
('gcgm7r4qu84j6sg01cr0g77ljwslf7p1', 'NGE0ZDdiNWU5N2VkYTk0M2EzMDM3MzNiZTI1NTEzMjBkZTkwYzdkOTp7ImNhcnQiOnt9fQ==', '2019-09-11 01:10:19.899708'),
('gdnp2oysk2b3pl0nnbubkxv1i2xfk74z', 'NGE0ZDdiNWU5N2VkYTk0M2EzMDM3MzNiZTI1NTEzMjBkZTkwYzdkOTp7ImNhcnQiOnt9fQ==', '2019-09-01 14:08:53.285867'),
('gdopl3ezyggcionjycl6xj2kj00i49ae', 'NGE0ZDdiNWU5N2VkYTk0M2EzMDM3MzNiZTI1NTEzMjBkZTkwYzdkOTp7ImNhcnQiOnt9fQ==', '2019-09-16 02:33:06.121248'),
('gf6rk3taqiao81whoaw0ebp31cgoz0wc', 'NGE0ZDdiNWU5N2VkYTk0M2EzMDM3MzNiZTI1NTEzMjBkZTkwYzdkOTp7ImNhcnQiOnt9fQ==', '2019-09-26 03:34:27.653194'),
('ghbjw6vbjk0tykzvfsiobcz718jxxh8j', 'NGE0ZDdiNWU5N2VkYTk0M2EzMDM3MzNiZTI1NTEzMjBkZTkwYzdkOTp7ImNhcnQiOnt9fQ==', '2019-09-22 19:10:56.862531'),
('ghl07bj8vfbi6elzhidkt4fvabi5swqx', 'NmQ4NWI5MDQzYjAxMTEzZTQwZjQxNmI1NjRjMDgyODRkZjlhMzgxMDp7ImZvcm1fZGF0YSI6eyJwYXNzd29yZCI6IklUQ3ViZUAxMjMiLCJlbWFpbCI6Im1haGVzaGxhbmdvdGUxMEBnbWFpbC5jb20iLCJjc3JmbWlkZGxld2FyZXRva2VuIjoiM2thN3hHemhaQVhlNVZjdHRsdWNmQWNVUFVqSU9majR3WWFrYmpad0tVM3NzWHZVbmRJWTNsa3RvTFRIQVZjYyJ9LCJfYXV0aF91c2VyX2lkIjoiMSIsIl9hdXRoX3VzZXJfaGFzaCI6Ijg0NDNkNzYzMzkwYWViNTZiMDJjOTNlMGU4M2YxMjhkYTI0YmFiNTIiLCJfYXV0aF91c2VyX2JhY2tlbmQiOiJkamFuZ28uY29udHJpYi5hdXRoLmJhY2tlbmRzLk1vZGVsQmFja2VuZCJ9', '2019-04-26 17:27:39.880554'),
('gwccvocvtnr3egrtye2tszw583o5n14p', 'NGE0ZDdiNWU5N2VkYTk0M2EzMDM3MzNiZTI1NTEzMjBkZTkwYzdkOTp7ImNhcnQiOnt9fQ==', '2019-09-25 03:03:15.471187'),
('gx1txsk7zudbgriybvig6s2mo9yswfc7', 'NGE0ZDdiNWU5N2VkYTk0M2EzMDM3MzNiZTI1NTEzMjBkZTkwYzdkOTp7ImNhcnQiOnt9fQ==', '2019-09-02 16:28:41.360648'),
('gx3gcjrtu5n7t1c6tsvelftq5ax886n7', 'NGE0ZDdiNWU5N2VkYTk0M2EzMDM3MzNiZTI1NTEzMjBkZTkwYzdkOTp7ImNhcnQiOnt9fQ==', '2019-09-14 17:13:07.565463'),
('gxecagowwdls5l2fsztav6hi6h273ax1', 'NGE0ZDdiNWU5N2VkYTk0M2EzMDM3MzNiZTI1NTEzMjBkZTkwYzdkOTp7ImNhcnQiOnt9fQ==', '2019-09-12 08:35:03.813941'),
('gxsl70lu3u58dvefcgi0au71gjlghuq6', 'NGE0ZDdiNWU5N2VkYTk0M2EzMDM3MzNiZTI1NTEzMjBkZTkwYzdkOTp7ImNhcnQiOnt9fQ==', '2019-09-01 16:52:29.514122'),
('gz7ip4wlx07cv6nuy752uoyu550gndu3', 'NGE0ZDdiNWU5N2VkYTk0M2EzMDM3MzNiZTI1NTEzMjBkZTkwYzdkOTp7ImNhcnQiOnt9fQ==', '2019-09-24 03:41:13.651865'),
('h092kupaj7c5ry24r58ygy7qc5twk6xy', 'NGE0ZDdiNWU5N2VkYTk0M2EzMDM3MzNiZTI1NTEzMjBkZTkwYzdkOTp7ImNhcnQiOnt9fQ==', '2019-09-04 05:35:22.661317'),
('h2j2ovlxn82jmm7ip2qj6ls3b9bocgac', 'MGI5MTYzZWUzNmQ4OTlmZGIyODIxMjRhYzhhZjFmZjc0YTc1YWQxYzp7ImNhcnQiOnsiNDciOnsicXVhbnRpdHkiOjI3LCJwcmljZSI6IjUwLjAwIn19LCJmb3JtX2RhdGEiOnsiY3NyZm1pZGRsZXdhcmV0b2tlbiI6IjI2YUVVVXpxUWRiZWkwZ1F5WVFZcFVpOGtFUEpSSk9kSlJxbFJvamdlSXRPSUU2eDZOYnZxaDVXR08yY2wxT3UiLCJlbWFpbCI6InJhaHVsLnBhcmdlOUBnbWFpbC5jb20iLCJwYXNzd29yZCI6IlJhaHVsMTk4OEAifSwiX2F1dGhfdXNlcl9pZCI6IjIzIiwiX2F1dGhfdXNlcl9iYWNrZW5kIjoiZGphbmdvLmNvbnRyaWIuYXV0aC5iYWNrZW5kcy5Nb2RlbEJhY2tlbmQiLCJfYXV0aF91c2VyX2hhc2giOiIyNWU4NzUzMDI4MGJmY2E1YTUxOWJlMWI1NDVlNzc4ZDc3MDdjYjZjIn0=', '2019-09-23 18:18:33.749169'),
('h2r487z880ffnxtj46cfgqcb6eicgjwk', 'NGE0ZDdiNWU5N2VkYTk0M2EzMDM3MzNiZTI1NTEzMjBkZTkwYzdkOTp7ImNhcnQiOnt9fQ==', '2019-09-24 22:19:01.555272'),
('h3zi4b7oxpykj11byeo93b7gxgbz519x', 'NGE0ZDdiNWU5N2VkYTk0M2EzMDM3MzNiZTI1NTEzMjBkZTkwYzdkOTp7ImNhcnQiOnt9fQ==', '2019-09-26 05:15:15.140062'),
('h5xiqmdp8luxmx6x9hrzojlagvznbzu0', 'NGE0ZDdiNWU5N2VkYTk0M2EzMDM3MzNiZTI1NTEzMjBkZTkwYzdkOTp7ImNhcnQiOnt9fQ==', '2019-09-24 04:00:03.337038'),
('h6yt7qcccqoq35izop4x97ugifleiy4u', 'NGE0ZDdiNWU5N2VkYTk0M2EzMDM3MzNiZTI1NTEzMjBkZTkwYzdkOTp7ImNhcnQiOnt9fQ==', '2019-09-22 19:10:52.757650'),
('h9u9lcj0lwac9fbnbxelc2yqbktj3qmm', 'NGE0ZDdiNWU5N2VkYTk0M2EzMDM3MzNiZTI1NTEzMjBkZTkwYzdkOTp7ImNhcnQiOnt9fQ==', '2019-09-04 09:40:40.748147'),
('ha0gj0vg0m8kpvwus6kekxjon3mda58n', 'NGE0ZDdiNWU5N2VkYTk0M2EzMDM3MzNiZTI1NTEzMjBkZTkwYzdkOTp7ImNhcnQiOnt9fQ==', '2019-09-15 14:19:11.619216'),
('halwyornrnnwi0nkfalkn08eyou757jv', 'NGE0ZDdiNWU5N2VkYTk0M2EzMDM3MzNiZTI1NTEzMjBkZTkwYzdkOTp7ImNhcnQiOnt9fQ==', '2019-09-11 09:07:19.887321'),
('hbj2ohi94cjxzrgbrguid9taaa5uv6rv', 'NGE0ZDdiNWU5N2VkYTk0M2EzMDM3MzNiZTI1NTEzMjBkZTkwYzdkOTp7ImNhcnQiOnt9fQ==', '2019-09-09 20:05:36.171241'),
('hiode4guz28fpeqvu9atj91h1ym89it0', 'NGE0ZDdiNWU5N2VkYTk0M2EzMDM3MzNiZTI1NTEzMjBkZTkwYzdkOTp7ImNhcnQiOnt9fQ==', '2019-09-14 10:18:16.562153'),
('hiwayfrg4z6jyn306zg09ai9swe2056b', 'NGE0ZDdiNWU5N2VkYTk0M2EzMDM3MzNiZTI1NTEzMjBkZTkwYzdkOTp7ImNhcnQiOnt9fQ==', '2019-09-05 01:41:01.045107'),
('hjor72rfuakuu1s1jzkur18slpf1kko6', 'NGE0ZDdiNWU5N2VkYTk0M2EzMDM3MzNiZTI1NTEzMjBkZTkwYzdkOTp7ImNhcnQiOnt9fQ==', '2019-09-23 14:57:38.646482'),
('hnvaik749igpnttb4vjtxq8amqoe4mep', 'NGE0ZDdiNWU5N2VkYTk0M2EzMDM3MzNiZTI1NTEzMjBkZTkwYzdkOTp7ImNhcnQiOnt9fQ==', '2019-09-01 22:36:59.057650'),
('hp8ynhqd2wbzorg3h2n3htdy040212vs', 'YTE4Mjk3MzYyYTgxZDFjOTgxYWI4YzkyMDI3MGM0MGZkZWIxZWU4ODp7ImNhcnQiOnsiMTAzIjp7InF1YW50aXR5IjoxLCJwcmljZSI6IjEyMC4wMCJ9fX0=', '2019-09-26 09:40:34.144946'),
('hq2313bwskjat6lbjgla3ynka3l4446i', 'NGE0ZDdiNWU5N2VkYTk0M2EzMDM3MzNiZTI1NTEzMjBkZTkwYzdkOTp7ImNhcnQiOnt9fQ==', '2019-09-11 04:22:16.524629'),
('hxx05ujv5kdhwsxosujct5txnkx2juic', 'NGE0ZDdiNWU5N2VkYTk0M2EzMDM3MzNiZTI1NTEzMjBkZTkwYzdkOTp7ImNhcnQiOnt9fQ==', '2019-09-20 06:51:46.569633'),
('hyvxp82o9mbvxjaeeforvv73v06gr6ke', 'NGE0ZDdiNWU5N2VkYTk0M2EzMDM3MzNiZTI1NTEzMjBkZTkwYzdkOTp7ImNhcnQiOnt9fQ==', '2019-09-10 21:13:12.327738'),
('hzsh89pg0bjm74oun2h889w6swmck8nb', 'NGE0ZDdiNWU5N2VkYTk0M2EzMDM3MzNiZTI1NTEzMjBkZTkwYzdkOTp7ImNhcnQiOnt9fQ==', '2019-09-12 10:19:58.706527'),
('i0x35f5aefwqmvcz64ak6f07jzvrorj5', 'NGE0ZDdiNWU5N2VkYTk0M2EzMDM3MzNiZTI1NTEzMjBkZTkwYzdkOTp7ImNhcnQiOnt9fQ==', '2019-09-22 23:02:42.793028'),
('i17dd8vvz3mjml2zqtrwd633nr388788', 'NGE0ZDdiNWU5N2VkYTk0M2EzMDM3MzNiZTI1NTEzMjBkZTkwYzdkOTp7ImNhcnQiOnt9fQ==', '2019-09-04 13:25:14.340264'),
('i36y20fw1egkd94147qmhe5aqgpdlhss', 'NGE0ZDdiNWU5N2VkYTk0M2EzMDM3MzNiZTI1NTEzMjBkZTkwYzdkOTp7ImNhcnQiOnt9fQ==', '2019-09-16 22:31:54.606340'),
('i8el3t0o9b5ci140ia4o04gqgtx2gbpo', 'NGE0ZDdiNWU5N2VkYTk0M2EzMDM3MzNiZTI1NTEzMjBkZTkwYzdkOTp7ImNhcnQiOnt9fQ==', '2019-09-04 11:12:51.191928'),
('icuento62z90bq4wf3f226si0gh9oc05', 'NGE0ZDdiNWU5N2VkYTk0M2EzMDM3MzNiZTI1NTEzMjBkZTkwYzdkOTp7ImNhcnQiOnt9fQ==', '2019-09-19 14:36:34.336866'),
('if4o4kyc2ka2upxz8xduct4bki8wci3w', 'NGE0ZDdiNWU5N2VkYTk0M2EzMDM3MzNiZTI1NTEzMjBkZTkwYzdkOTp7ImNhcnQiOnt9fQ==', '2019-09-04 06:56:04.154810'),
('ig12nz0iedo3t57dhjw1brhu1lb238iq', 'NGE0ZDdiNWU5N2VkYTk0M2EzMDM3MzNiZTI1NTEzMjBkZTkwYzdkOTp7ImNhcnQiOnt9fQ==', '2019-09-23 03:55:50.438299'),
('ih7dhnbz6ci0680samhmfagz8jkbsnil', 'NGE0ZDdiNWU5N2VkYTk0M2EzMDM3MzNiZTI1NTEzMjBkZTkwYzdkOTp7ImNhcnQiOnt9fQ==', '2019-09-15 13:51:51.878122'),
('ihxjosr74ydo7j09lpb0hdlrk0iomi4i', 'NGE0ZDdiNWU5N2VkYTk0M2EzMDM3MzNiZTI1NTEzMjBkZTkwYzdkOTp7ImNhcnQiOnt9fQ==', '2019-09-25 13:58:48.723748'),
('ii3b32etor9qea5yms8ltvckwmi4un53', 'NGE0ZDdiNWU5N2VkYTk0M2EzMDM3MzNiZTI1NTEzMjBkZTkwYzdkOTp7ImNhcnQiOnt9fQ==', '2019-09-21 09:10:15.671881'),
('ijad3qi31l81y386jgpwsqixl6nlwwrb', 'NGE0ZDdiNWU5N2VkYTk0M2EzMDM3MzNiZTI1NTEzMjBkZTkwYzdkOTp7ImNhcnQiOnt9fQ==', '2019-09-19 21:48:02.278877'),
('iknk99w7b9ad2sc369cvekqz790g8n83', 'YmY5ZjU0NGY5MTdjYjc5MTA3MDdjZDNiNWZhZWEzMWNlZDg4OTRlZDp7ImZvcm1fZGF0YSI6eyJwYXNzd29yZCI6IklUQ3ViZUAxMjMiLCJjc3JmbWlkZGxld2FyZXRva2VuIjoiNTNJdEl3NGhrS0dQZ3pUVFJwTEo3aEZMaTZqcTZyYTJJTG5xd2VSd3V2MDZqVzVzZ1lNalZXdWo4ZEFKdkp2MCIsImVtYWlsIjoibWFoZXNobGFuZ290ZTEwQGdtYWlsLmNvbSJ9fQ==', '2019-03-09 15:09:19.683031'),
('imkxfvv9sq3qn5ww9sb7engvikokjiux', 'NGE0ZDdiNWU5N2VkYTk0M2EzMDM3MzNiZTI1NTEzMjBkZTkwYzdkOTp7ImNhcnQiOnt9fQ==', '2019-09-11 18:00:28.809858'),
('inm4hg4bzfz4uhbafm730ri6g537cvaq', 'NGE0ZDdiNWU5N2VkYTk0M2EzMDM3MzNiZTI1NTEzMjBkZTkwYzdkOTp7ImNhcnQiOnt9fQ==', '2019-09-16 21:50:35.828070'),
('ipfks5dzr2iuz59a03e6oedpvuhvxg0w', 'NGE0ZDdiNWU5N2VkYTk0M2EzMDM3MzNiZTI1NTEzMjBkZTkwYzdkOTp7ImNhcnQiOnt9fQ==', '2019-09-24 12:39:14.829444'),
('iqoqqu62a51zyya5cm2v88z0i26yfptp', 'YzM5ZDUyMTNkMDRiYTRkM2ZjODk1MjM3MjlmNDYyZTFlNTFiNTViYjp7Il9hdXRoX3VzZXJfaWQiOiIyNSIsIl9hdXRoX3VzZXJfYmFja2VuZCI6ImRqYW5nby5jb250cmliLmF1dGguYmFja2VuZHMuTW9kZWxCYWNrZW5kIiwiX2F1dGhfdXNlcl9oYXNoIjoiMGU2MDE0ZjcwM2Q0YjE3MWJkYjVhNjJhNzhmYTk3NTIwOThhZDRjMCIsImNhcnQiOnt9fQ==', '2019-09-24 19:10:04.073756'),
('isirtp319gae0r0ihudi9m327d7c73op', 'NGE0ZDdiNWU5N2VkYTk0M2EzMDM3MzNiZTI1NTEzMjBkZTkwYzdkOTp7ImNhcnQiOnt9fQ==', '2019-09-10 21:06:08.321978'),
('it028ota24qgxrha7mr4bjb30f2kd5nq', 'NGE0ZDdiNWU5N2VkYTk0M2EzMDM3MzNiZTI1NTEzMjBkZTkwYzdkOTp7ImNhcnQiOnt9fQ==', '2019-09-25 13:58:49.419666'),
('iu38t6hh9kr6aadzsrv8z4jyhfetdzj3', 'NGE0ZDdiNWU5N2VkYTk0M2EzMDM3MzNiZTI1NTEzMjBkZTkwYzdkOTp7ImNhcnQiOnt9fQ==', '2019-09-20 06:50:46.523303'),
('ivbyg5rlgn8y0r50so1r3kw2zleylsuq', 'NGE0ZDdiNWU5N2VkYTk0M2EzMDM3MzNiZTI1NTEzMjBkZTkwYzdkOTp7ImNhcnQiOnt9fQ==', '2019-09-18 17:43:48.857619'),
('iwheyiw472ul6j0srjttz0f5k61wu3w0', 'NGE0ZDdiNWU5N2VkYTk0M2EzMDM3MzNiZTI1NTEzMjBkZTkwYzdkOTp7ImNhcnQiOnt9fQ==', '2019-09-10 19:12:07.925097'),
('iz4kuqj61lxy8l0ypf6nteju2g0wy55m', 'NGE0ZDdiNWU5N2VkYTk0M2EzMDM3MzNiZTI1NTEzMjBkZTkwYzdkOTp7ImNhcnQiOnt9fQ==', '2019-09-01 10:25:49.000793'),
('j0prepu4d5on58gg3ynwo9gwaud0027b', 'NGE0ZDdiNWU5N2VkYTk0M2EzMDM3MzNiZTI1NTEzMjBkZTkwYzdkOTp7ImNhcnQiOnt9fQ==', '2019-09-13 00:21:38.867337'),
('j0x7egler848j6wn1tbzae1bvhu6z3y8', 'NGE0ZDdiNWU5N2VkYTk0M2EzMDM3MzNiZTI1NTEzMjBkZTkwYzdkOTp7ImNhcnQiOnt9fQ==', '2019-09-04 05:36:29.704177'),
('j4ve5euyndsx0u84qm5fmb5tfzsgcmcx', 'NGE0ZDdiNWU5N2VkYTk0M2EzMDM3MzNiZTI1NTEzMjBkZTkwYzdkOTp7ImNhcnQiOnt9fQ==', '2019-09-16 20:48:38.432221'),
('j6o4j3cwmej0eu5aikw1tw3p6douagwb', 'NGE0ZDdiNWU5N2VkYTk0M2EzMDM3MzNiZTI1NTEzMjBkZTkwYzdkOTp7ImNhcnQiOnt9fQ==', '2019-09-10 19:11:45.893373'),
('j70dxa1qxv57vssi1zj89ulolcjs7lxe', 'NGE0ZDdiNWU5N2VkYTk0M2EzMDM3MzNiZTI1NTEzMjBkZTkwYzdkOTp7ImNhcnQiOnt9fQ==', '2019-09-25 01:25:46.950126'),
('j924649uxzdjggra3vdotqijk4lixpfg', 'NGE0ZDdiNWU5N2VkYTk0M2EzMDM3MzNiZTI1NTEzMjBkZTkwYzdkOTp7ImNhcnQiOnt9fQ==', '2019-09-01 11:12:47.360734'),
('jh0fn5610mixzz9du5w26oeaos8ltuun', 'NGE0ZDdiNWU5N2VkYTk0M2EzMDM3MzNiZTI1NTEzMjBkZTkwYzdkOTp7ImNhcnQiOnt9fQ==', '2019-09-17 06:35:09.654642'),
('jldc98zxw9tzcdhy4xapstwv3u78bpa8', 'NGE0ZDdiNWU5N2VkYTk0M2EzMDM3MzNiZTI1NTEzMjBkZTkwYzdkOTp7ImNhcnQiOnt9fQ==', '2019-09-02 05:38:06.363821'),
('jm8s4fk9i1iist8i68zs3eo41r67ahut', 'NGE0ZDdiNWU5N2VkYTk0M2EzMDM3MzNiZTI1NTEzMjBkZTkwYzdkOTp7ImNhcnQiOnt9fQ==', '2019-09-11 20:52:59.865491'),
('jnvgemicbgxdg0x17wtxdi6fdubmn6zk', 'NGE0ZDdiNWU5N2VkYTk0M2EzMDM3MzNiZTI1NTEzMjBkZTkwYzdkOTp7ImNhcnQiOnt9fQ==', '2019-09-02 21:16:23.622677'),
('jqybhz1h4281vim2ahhm1zy8zmpd8r3n', 'NGE0ZDdiNWU5N2VkYTk0M2EzMDM3MzNiZTI1NTEzMjBkZTkwYzdkOTp7ImNhcnQiOnt9fQ==', '2019-09-19 12:07:10.406674'),
('jr7ctkpjpnstg62mffad4rsn05wcxtzl', 'NGE0ZDdiNWU5N2VkYTk0M2EzMDM3MzNiZTI1NTEzMjBkZTkwYzdkOTp7ImNhcnQiOnt9fQ==', '2019-09-13 12:07:11.344216'),
('jsz58xtpmc1sffaswy16p2o5nxu7rifa', 'NGE0ZDdiNWU5N2VkYTk0M2EzMDM3MzNiZTI1NTEzMjBkZTkwYzdkOTp7ImNhcnQiOnt9fQ==', '2019-09-03 03:40:39.203513'),
('jwzmnfa043hcdygpsjg679j1tor02682', 'NGE0ZDdiNWU5N2VkYTk0M2EzMDM3MzNiZTI1NTEzMjBkZTkwYzdkOTp7ImNhcnQiOnt9fQ==', '2019-09-13 17:54:46.618705'),
('jyivpf5r50dkho7j1cox7x31qp5zu640', 'NGE0ZDdiNWU5N2VkYTk0M2EzMDM3MzNiZTI1NTEzMjBkZTkwYzdkOTp7ImNhcnQiOnt9fQ==', '2019-09-24 10:15:45.816029'),
('jzi4n519io20tstwnmy5hvwcat10716x', 'NGE0ZDdiNWU5N2VkYTk0M2EzMDM3MzNiZTI1NTEzMjBkZTkwYzdkOTp7ImNhcnQiOnt9fQ==', '2019-09-20 20:48:01.902822'),
('k0makn0uv03kbr0owtvdaqd0xdci35bl', 'NGE0ZDdiNWU5N2VkYTk0M2EzMDM3MzNiZTI1NTEzMjBkZTkwYzdkOTp7ImNhcnQiOnt9fQ==', '2019-09-16 07:44:31.567255'),
('k73k5r59n0t7t6z29eufiy14utjjj7ua', 'NGE0ZDdiNWU5N2VkYTk0M2EzMDM3MzNiZTI1NTEzMjBkZTkwYzdkOTp7ImNhcnQiOnt9fQ==', '2019-09-10 08:29:45.442520'),
('k907psn76m4906f6mqq2317d1xlt3mcs', 'NGE0ZDdiNWU5N2VkYTk0M2EzMDM3MzNiZTI1NTEzMjBkZTkwYzdkOTp7ImNhcnQiOnt9fQ==', '2019-09-18 05:16:05.527485'),
('ka124v45q3kz4xo1dps0snx2vid7l5er', 'NGE0ZDdiNWU5N2VkYTk0M2EzMDM3MzNiZTI1NTEzMjBkZTkwYzdkOTp7ImNhcnQiOnt9fQ==', '2019-09-02 05:35:23.452935'),
('kb8zs7q3lm4g3y8ranz3bc2qzuruiy3l', 'NGE0ZDdiNWU5N2VkYTk0M2EzMDM3MzNiZTI1NTEzMjBkZTkwYzdkOTp7ImNhcnQiOnt9fQ==', '2019-09-23 09:02:11.438014'),
('kcizgph7coa37nlhw89io1tl9c3x26zo', 'NGE0ZDdiNWU5N2VkYTk0M2EzMDM3MzNiZTI1NTEzMjBkZTkwYzdkOTp7ImNhcnQiOnt9fQ==', '2019-09-09 20:07:02.865804'),
('ketdrf6p6yg1lw8r9aydgkh5bcfzngvh', 'NGE0ZDdiNWU5N2VkYTk0M2EzMDM3MzNiZTI1NTEzMjBkZTkwYzdkOTp7ImNhcnQiOnt9fQ==', '2019-09-01 17:33:15.524298'),
('kfewd9vpr3blt0cp3swf8febkulnb4pr', 'NGE0ZDdiNWU5N2VkYTk0M2EzMDM3MzNiZTI1NTEzMjBkZTkwYzdkOTp7ImNhcnQiOnt9fQ==', '2019-09-08 21:13:02.685675'),
('kfv5wu41a6j0nvmexqiz687duq8x258b', 'NGE0ZDdiNWU5N2VkYTk0M2EzMDM3MzNiZTI1NTEzMjBkZTkwYzdkOTp7ImNhcnQiOnt9fQ==', '2019-09-04 18:20:18.025252'),
('kgo7mm3vfiw5m3fupbwapnn4g8a3ikq6', 'NGE0ZDdiNWU5N2VkYTk0M2EzMDM3MzNiZTI1NTEzMjBkZTkwYzdkOTp7ImNhcnQiOnt9fQ==', '2019-09-05 01:04:40.875139'),
('kgwccwc4k5ejbcee6162v6nsfru2qarx', 'NGE0ZDdiNWU5N2VkYTk0M2EzMDM3MzNiZTI1NTEzMjBkZTkwYzdkOTp7ImNhcnQiOnt9fQ==', '2019-09-21 16:08:28.223149'),
('kn814fzxoq5ktslyky0d9v5c9161b5ku', 'NGE0ZDdiNWU5N2VkYTk0M2EzMDM3MzNiZTI1NTEzMjBkZTkwYzdkOTp7ImNhcnQiOnt9fQ==', '2019-09-18 01:49:56.474432'),
('kncvszxe5kcic6dyixlyvv6s1tspi6du', 'NGE0ZDdiNWU5N2VkYTk0M2EzMDM3MzNiZTI1NTEzMjBkZTkwYzdkOTp7ImNhcnQiOnt9fQ==', '2019-09-24 12:41:30.078037'),
('kp83b6505a69wj3xt5vm2v7l6xp9lgxl', 'NGE0ZDdiNWU5N2VkYTk0M2EzMDM3MzNiZTI1NTEzMjBkZTkwYzdkOTp7ImNhcnQiOnt9fQ==', '2019-09-08 18:10:50.429656'),
('kpm3rb2ggxxk47dfda2kddbb18fv28fa', 'NGE0ZDdiNWU5N2VkYTk0M2EzMDM3MzNiZTI1NTEzMjBkZTkwYzdkOTp7ImNhcnQiOnt9fQ==', '2019-09-01 11:13:08.971837'),
('kpybzzvyt5eb0gzea3s93dwy45khedyk', 'NGE0ZDdiNWU5N2VkYTk0M2EzMDM3MzNiZTI1NTEzMjBkZTkwYzdkOTp7ImNhcnQiOnt9fQ==', '2019-09-11 09:49:17.619840'),
('krfrfh5230gcj6sq37inqhsk9j9jp7lq', 'NGE0ZDdiNWU5N2VkYTk0M2EzMDM3MzNiZTI1NTEzMjBkZTkwYzdkOTp7ImNhcnQiOnt9fQ==', '2019-09-16 16:10:37.038550'),
('krzzywdc6glqa0va0dct1fbj0nmtx3kr', 'NGE0ZDdiNWU5N2VkYTk0M2EzMDM3MzNiZTI1NTEzMjBkZTkwYzdkOTp7ImNhcnQiOnt9fQ==', '2019-09-21 23:39:11.311788'),
('kssfgvtvwi3uyetj0rvgl0nhaj205la1', 'NGE0ZDdiNWU5N2VkYTk0M2EzMDM3MzNiZTI1NTEzMjBkZTkwYzdkOTp7ImNhcnQiOnt9fQ==', '2019-09-04 19:06:30.774704'),
('ksxflqeuask4ooi16kq0ssiz3zatxryj', 'NGE0ZDdiNWU5N2VkYTk0M2EzMDM3MzNiZTI1NTEzMjBkZTkwYzdkOTp7ImNhcnQiOnt9fQ==', '2019-09-02 11:53:43.136909'),
('kwn4042t8szg032wbw31lu2v53skvgb9', 'NGE0ZDdiNWU5N2VkYTk0M2EzMDM3MzNiZTI1NTEzMjBkZTkwYzdkOTp7ImNhcnQiOnt9fQ==', '2019-09-12 05:29:14.918135'),
('ky5uy8k1nizpuzhpf53tov71bt15pq1j', 'NGE0ZDdiNWU5N2VkYTk0M2EzMDM3MzNiZTI1NTEzMjBkZTkwYzdkOTp7ImNhcnQiOnt9fQ==', '2019-09-12 11:11:30.110531'),
('l0fjl1i04phpyeowcwu5eslcbis1v2h1', 'NGE0ZDdiNWU5N2VkYTk0M2EzMDM3MzNiZTI1NTEzMjBkZTkwYzdkOTp7ImNhcnQiOnt9fQ==', '2019-09-10 19:11:53.914326'),
('l28rfq8y1h4ii76j2yk0uiq1uf8wqm8o', 'NGE0ZDdiNWU5N2VkYTk0M2EzMDM3MzNiZTI1NTEzMjBkZTkwYzdkOTp7ImNhcnQiOnt9fQ==', '2019-09-18 22:32:43.784389'),
('l3b44sjwneqs04aefppyq4f0klv448xw', 'NGE0ZDdiNWU5N2VkYTk0M2EzMDM3MzNiZTI1NTEzMjBkZTkwYzdkOTp7ImNhcnQiOnt9fQ==', '2019-09-02 17:15:32.738000'),
('l62rty4xz01ojlqxv79q92pi4yquyj7r', 'NGE0ZDdiNWU5N2VkYTk0M2EzMDM3MzNiZTI1NTEzMjBkZTkwYzdkOTp7ImNhcnQiOnt9fQ==', '2019-09-19 02:11:41.578575'),
('l7fih83qtsppl2tu8hzfvodf26q6qu64', 'NGE0ZDdiNWU5N2VkYTk0M2EzMDM3MzNiZTI1NTEzMjBkZTkwYzdkOTp7ImNhcnQiOnt9fQ==', '2019-09-19 19:03:31.114385'),
('l8ot6aue8fdg69741dl0x36uae7u7pz3', 'NGE0ZDdiNWU5N2VkYTk0M2EzMDM3MzNiZTI1NTEzMjBkZTkwYzdkOTp7ImNhcnQiOnt9fQ==', '2019-09-09 12:40:06.092234'),
('lckvvqj2w8q7sonmyesqq03off8xr1q2', 'NGE0ZDdiNWU5N2VkYTk0M2EzMDM3MzNiZTI1NTEzMjBkZTkwYzdkOTp7ImNhcnQiOnt9fQ==', '2019-09-17 08:21:10.703731'),
('le5h8pl2i74sahva9kdw032s5k0j940h', 'NGE0ZDdiNWU5N2VkYTk0M2EzMDM3MzNiZTI1NTEzMjBkZTkwYzdkOTp7ImNhcnQiOnt9fQ==', '2019-09-24 03:03:22.243318'),
('le7q3e8t1p3dd6tadqwpsx09j64xus69', 'NGE0ZDdiNWU5N2VkYTk0M2EzMDM3MzNiZTI1NTEzMjBkZTkwYzdkOTp7ImNhcnQiOnt9fQ==', '2019-09-09 21:24:49.651062'),
('ler80gvs60c5pc3bemoq8ys1maaw7ny7', 'NGE0ZDdiNWU5N2VkYTk0M2EzMDM3MzNiZTI1NTEzMjBkZTkwYzdkOTp7ImNhcnQiOnt9fQ==', '2019-09-13 08:46:14.629072'),
('lex2odhsmjidv6mygehdzlh4r4o27zet', 'NGE0ZDdiNWU5N2VkYTk0M2EzMDM3MzNiZTI1NTEzMjBkZTkwYzdkOTp7ImNhcnQiOnt9fQ==', '2019-09-14 03:15:43.491013'),
('lg02oeedt771udpn8zmcgv5e0hcmrum0', 'NGE0ZDdiNWU5N2VkYTk0M2EzMDM3MzNiZTI1NTEzMjBkZTkwYzdkOTp7ImNhcnQiOnt9fQ==', '2019-09-18 12:39:23.955070'),
('lg7l5nx8nl39jfqn7ji3f58amgewqieu', 'NGE0ZDdiNWU5N2VkYTk0M2EzMDM3MzNiZTI1NTEzMjBkZTkwYzdkOTp7ImNhcnQiOnt9fQ==', '2019-09-23 16:56:17.938588'),
('lj9l3759ru5a6ehz5fpvjhzri6e8z0hh', 'NGE0ZDdiNWU5N2VkYTk0M2EzMDM3MzNiZTI1NTEzMjBkZTkwYzdkOTp7ImNhcnQiOnt9fQ==', '2019-09-10 11:07:22.492236'),
('lkxht5am1bi24j23iw8yuo3nw393le83', 'NGE0ZDdiNWU5N2VkYTk0M2EzMDM3MzNiZTI1NTEzMjBkZTkwYzdkOTp7ImNhcnQiOnt9fQ==', '2019-09-13 04:05:27.311696'),
('ll8z6pcodvfaobrg01utv5q2lmwdpjgy', 'NGE0ZDdiNWU5N2VkYTk0M2EzMDM3MzNiZTI1NTEzMjBkZTkwYzdkOTp7ImNhcnQiOnt9fQ==', '2019-09-24 22:09:13.966591'),
('lq9vayurowt50k4de5enxaw8km6qzstr', 'NGE0ZDdiNWU5N2VkYTk0M2EzMDM3MzNiZTI1NTEzMjBkZTkwYzdkOTp7ImNhcnQiOnt9fQ==', '2019-09-05 02:20:50.835447'),
('lqzb4x3xnu6xj8onfrbem97olmi1natc', 'NGE0ZDdiNWU5N2VkYTk0M2EzMDM3MzNiZTI1NTEzMjBkZTkwYzdkOTp7ImNhcnQiOnt9fQ==', '2019-09-13 03:53:31.133339'),
('lr20tdzlx4xinxdpv9hjfgxmqurp8ky9', 'NGE0ZDdiNWU5N2VkYTk0M2EzMDM3MzNiZTI1NTEzMjBkZTkwYzdkOTp7ImNhcnQiOnt9fQ==', '2019-09-14 00:49:50.448815'),
('ls3vpv0jqp6r881bizzg9juk8j5ms2z6', 'N2YyN2ExZmFkMTQ1Yzg4YTU3MmU5MDY5ZjkwYWM0NTVlZDMyMGYxYTp7ImNhcnQiOnsiNSI6eyJxdWFudGl0eSI6MiwicHJpY2UiOiI0NSJ9fSwiZm9ybV9kYXRhIjp7ImNzcmZtaWRkbGV3YXJldG9rZW4iOiI3bXZnaFI1QnE4dkZ3alNMUERWYURIMTJobHBBMGtYaHR6bFJvZHVrMGN2M3pWUjB1VDFLbERyTjZRS2FwVmFnIiwiZW1haWwiOiJyYWphbnN0b3JlMTFAZ21haWwuY29tIiwicGFzc3dvcmQiOiJSYWphbkAxMjMifSwiX2F1dGhfdXNlcl9pZCI6IjE4IiwiX2F1dGhfdXNlcl9iYWNrZW5kIjoiZGphbmdvLmNvbnRyaWIuYXV0aC5iYWNrZW5kcy5Nb2RlbEJhY2tlbmQiLCJfYXV0aF91c2VyX2hhc2giOiJmNzEzZTU4MmFhZTJlYjlhNmYzMmNiYTMyZjk5NTAyMTJhNDhlOGExIn0=', '2019-08-25 11:14:59.078366'),
('lsqsz236qj9y0pqro70yy3cg3pz3e7y1', 'NGE0ZDdiNWU5N2VkYTk0M2EzMDM3MzNiZTI1NTEzMjBkZTkwYzdkOTp7ImNhcnQiOnt9fQ==', '2019-09-10 02:01:31.726903'),
('ltzijety6tcz0q2vu2awgafn8a5jnn30', 'NGE0ZDdiNWU5N2VkYTk0M2EzMDM3MzNiZTI1NTEzMjBkZTkwYzdkOTp7ImNhcnQiOnt9fQ==', '2019-09-13 14:58:20.477420'),
('lve9re0fkkzjey8ejtp9v5fzf2z5wbwa', 'NGE0ZDdiNWU5N2VkYTk0M2EzMDM3MzNiZTI1NTEzMjBkZTkwYzdkOTp7ImNhcnQiOnt9fQ==', '2019-09-05 07:06:59.866614'),
('lvgh0qzolycqx2kwsvtfxp1caqarmigs', 'NGE0ZDdiNWU5N2VkYTk0M2EzMDM3MzNiZTI1NTEzMjBkZTkwYzdkOTp7ImNhcnQiOnt9fQ==', '2019-09-14 15:15:06.316129'),
('lvwgz5p3uyeiwhfby8cbswqkcf8jm4ir', 'NGE0ZDdiNWU5N2VkYTk0M2EzMDM3MzNiZTI1NTEzMjBkZTkwYzdkOTp7ImNhcnQiOnt9fQ==', '2019-09-24 15:02:23.431933'),
('lzzndvdsljnl0ubjgg0ipbw1p20xtw4f', 'NGE0ZDdiNWU5N2VkYTk0M2EzMDM3MzNiZTI1NTEzMjBkZTkwYzdkOTp7ImNhcnQiOnt9fQ==', '2019-09-20 19:56:59.442894'),
('m1cyuywn27h4lym7jeux0ua6aufrpxap', 'NGE0ZDdiNWU5N2VkYTk0M2EzMDM3MzNiZTI1NTEzMjBkZTkwYzdkOTp7ImNhcnQiOnt9fQ==', '2019-09-14 01:28:08.688986'),
('m4o8hmmxnwjg496wq5smkajnafz8dgw7', 'NGE0ZDdiNWU5N2VkYTk0M2EzMDM3MzNiZTI1NTEzMjBkZTkwYzdkOTp7ImNhcnQiOnt9fQ==', '2019-09-12 20:58:44.701010'),
('m7gpbc7hijgsk9j6hvi957aintygnz18', 'NGE0ZDdiNWU5N2VkYTk0M2EzMDM3MzNiZTI1NTEzMjBkZTkwYzdkOTp7ImNhcnQiOnt9fQ==', '2019-09-17 04:03:08.692579'),
('m8v3o4mug5x6zbz568aptr4v8y38mbvg', 'NGE0ZDdiNWU5N2VkYTk0M2EzMDM3MzNiZTI1NTEzMjBkZTkwYzdkOTp7ImNhcnQiOnt9fQ==', '2019-09-23 03:55:53.013497'),
('mabeon1l20mg462ol0qztk3e2r2slmw9', 'NGE0ZDdiNWU5N2VkYTk0M2EzMDM3MzNiZTI1NTEzMjBkZTkwYzdkOTp7ImNhcnQiOnt9fQ==', '2019-09-09 12:40:13.713413'),
('mb3krwrvq8imq81dw9zbml7hzgo9pzlq', 'NGE0ZDdiNWU5N2VkYTk0M2EzMDM3MzNiZTI1NTEzMjBkZTkwYzdkOTp7ImNhcnQiOnt9fQ==', '2019-08-25 11:04:44.620726'),
('mbl104cn10hvobpeb0u59qgxkuaznjl1', 'NGE0ZDdiNWU5N2VkYTk0M2EzMDM3MzNiZTI1NTEzMjBkZTkwYzdkOTp7ImNhcnQiOnt9fQ==', '2019-09-04 04:17:49.719560'),
('mc99crsnum1hz135zaivwbjo2b05wbit', 'NGE0ZDdiNWU5N2VkYTk0M2EzMDM3MzNiZTI1NTEzMjBkZTkwYzdkOTp7ImNhcnQiOnt9fQ==', '2019-09-25 10:52:27.758377'),
('mf3bsay5q51ndnkfsgxq6vryzvwesodt', 'NGE0ZDdiNWU5N2VkYTk0M2EzMDM3MzNiZTI1NTEzMjBkZTkwYzdkOTp7ImNhcnQiOnt9fQ==', '2019-09-10 22:18:27.888931'),
('mf9chlgw8o2nxjkc2neqmoqne442o8vb', 'NGE0ZDdiNWU5N2VkYTk0M2EzMDM3MzNiZTI1NTEzMjBkZTkwYzdkOTp7ImNhcnQiOnt9fQ==', '2019-09-20 11:32:35.068411'),
('mgnqyb1td2ynip04mrourh1v8f2kkbp8', 'NGE0ZDdiNWU5N2VkYTk0M2EzMDM3MzNiZTI1NTEzMjBkZTkwYzdkOTp7ImNhcnQiOnt9fQ==', '2019-09-24 16:56:38.772540'),
('mgu6jp0hsp119bb8nadwu7dhwvs5829v', 'NGE0ZDdiNWU5N2VkYTk0M2EzMDM3MzNiZTI1NTEzMjBkZTkwYzdkOTp7ImNhcnQiOnt9fQ==', '2019-09-09 07:43:46.668188'),
('mh687vset2fjf3zz39je8rxaooa17k4i', 'NGE0ZDdiNWU5N2VkYTk0M2EzMDM3MzNiZTI1NTEzMjBkZTkwYzdkOTp7ImNhcnQiOnt9fQ==', '2019-09-14 15:32:22.166750'),
('mia1xc0exmxuu6np96laisxb3exur3fh', 'NGE0ZDdiNWU5N2VkYTk0M2EzMDM3MzNiZTI1NTEzMjBkZTkwYzdkOTp7ImNhcnQiOnt9fQ==', '2019-09-10 11:53:10.005224'),
('mit6byob96u5vi2dfjv8j80us3hy5g80', 'NGE0ZDdiNWU5N2VkYTk0M2EzMDM3MzNiZTI1NTEzMjBkZTkwYzdkOTp7ImNhcnQiOnt9fQ==', '2019-09-23 09:21:46.216879'),
('mka677kex88mxj5tuvekfaare85nruwf', 'NGE0ZDdiNWU5N2VkYTk0M2EzMDM3MzNiZTI1NTEzMjBkZTkwYzdkOTp7ImNhcnQiOnt9fQ==', '2019-09-15 20:14:49.120793'),
('mkf94ck1a60r7k3i1xy2lzcqxx243eoz', 'NGE0ZDdiNWU5N2VkYTk0M2EzMDM3MzNiZTI1NTEzMjBkZTkwYzdkOTp7ImNhcnQiOnt9fQ==', '2019-09-19 22:55:07.836694'),
('mlra79dhbkv9ocb3ylz8e0yffyah7kvh', 'NGE0ZDdiNWU5N2VkYTk0M2EzMDM3MzNiZTI1NTEzMjBkZTkwYzdkOTp7ImNhcnQiOnt9fQ==', '2019-09-14 03:10:09.185198'),
('mmggsk4d917r1y8gwe30y6v55jjw7oe2', 'NGE0ZDdiNWU5N2VkYTk0M2EzMDM3MzNiZTI1NTEzMjBkZTkwYzdkOTp7ImNhcnQiOnt9fQ==', '2019-09-17 14:15:31.158238'),
('mmlgi0u9tm8h4tbrmwsoz1jcswlnpvwg', 'NGE0ZDdiNWU5N2VkYTk0M2EzMDM3MzNiZTI1NTEzMjBkZTkwYzdkOTp7ImNhcnQiOnt9fQ==', '2019-09-09 12:41:56.591049'),
('myx0e90aky4bg48ulspb7sfmt7ft76bi', 'NGE0ZDdiNWU5N2VkYTk0M2EzMDM3MzNiZTI1NTEzMjBkZTkwYzdkOTp7ImNhcnQiOnt9fQ==', '2019-09-16 12:17:54.649120'),
('n2gv85qrvqt5a5anzj0pppfagcrmjn9b', 'NGE0ZDdiNWU5N2VkYTk0M2EzMDM3MzNiZTI1NTEzMjBkZTkwYzdkOTp7ImNhcnQiOnt9fQ==', '2019-09-01 11:12:58.157957'),
('n4bwqgyqz7rqiwxe4l96u1ygy6xzz4uo', 'NGE0ZDdiNWU5N2VkYTk0M2EzMDM3MzNiZTI1NTEzMjBkZTkwYzdkOTp7ImNhcnQiOnt9fQ==', '2019-09-17 09:47:11.500040'),
('na2kn06e3x0vvcvl7y7js3dxg0ua1ym8', 'NGE0ZDdiNWU5N2VkYTk0M2EzMDM3MzNiZTI1NTEzMjBkZTkwYzdkOTp7ImNhcnQiOnt9fQ==', '2019-09-23 06:22:15.798979'),
('naauja2ljxo8syr284tz2ro28r3a2ayo', 'NGE0ZDdiNWU5N2VkYTk0M2EzMDM3MzNiZTI1NTEzMjBkZTkwYzdkOTp7ImNhcnQiOnt9fQ==', '2019-09-04 19:14:56.677853'),
('nb8ri0avfgwrp02gg7t2rlq212phwekm', 'NGE0ZDdiNWU5N2VkYTk0M2EzMDM3MzNiZTI1NTEzMjBkZTkwYzdkOTp7ImNhcnQiOnt9fQ==', '2019-09-22 20:00:01.789173'),
('ne29hcsg9v74ai3dtyd04yc9v2gxq9ws', 'NGE0ZDdiNWU5N2VkYTk0M2EzMDM3MzNiZTI1NTEzMjBkZTkwYzdkOTp7ImNhcnQiOnt9fQ==', '2019-09-21 18:55:25.946373'),
('nf8s9qpibee8kx91g12or6g528fxcsrl', 'NGE0ZDdiNWU5N2VkYTk0M2EzMDM3MzNiZTI1NTEzMjBkZTkwYzdkOTp7ImNhcnQiOnt9fQ==', '2019-09-18 19:22:52.971560'),
('nibugwcq39bnf57j8qzz7ow19bfxvi5p', 'NGE0ZDdiNWU5N2VkYTk0M2EzMDM3MzNiZTI1NTEzMjBkZTkwYzdkOTp7ImNhcnQiOnt9fQ==', '2019-09-20 05:08:23.395102'),
('nmv75f789yid14wvo8pqay2rnvivvey5', 'NGE0ZDdiNWU5N2VkYTk0M2EzMDM3MzNiZTI1NTEzMjBkZTkwYzdkOTp7ImNhcnQiOnt9fQ==', '2019-09-15 17:59:02.017843'),
('nnttnqgr9xlcdmj83cekl9pgh6v8erzn', 'NGE0ZDdiNWU5N2VkYTk0M2EzMDM3MzNiZTI1NTEzMjBkZTkwYzdkOTp7ImNhcnQiOnt9fQ==', '2019-08-25 10:56:20.463374'),
('nnxr3u375k6scqh9uzfsx7o6hy9fciq7', 'NGE0ZDdiNWU5N2VkYTk0M2EzMDM3MzNiZTI1NTEzMjBkZTkwYzdkOTp7ImNhcnQiOnt9fQ==', '2019-09-16 22:32:01.766600'),
('nohr1c2ldhz9qkhbl364h6nmt425uzzw', 'NGE0ZDdiNWU5N2VkYTk0M2EzMDM3MzNiZTI1NTEzMjBkZTkwYzdkOTp7ImNhcnQiOnt9fQ==', '2019-09-24 22:41:20.035166'),
('nq60v82uhntpdm1dyfepkpty7ezuc71y', 'NGE0ZDdiNWU5N2VkYTk0M2EzMDM3MzNiZTI1NTEzMjBkZTkwYzdkOTp7ImNhcnQiOnt9fQ==', '2019-09-16 02:42:41.206403'),
('ns1ct5c7tgeuula0u2fpt0poredstb5n', 'MDhiMTA0Y2ZlZTZiM2FkMzgzYzJmOTBmZjk3ZGExMDJlMzI2YzQyMTp7ImNhcnQiOnsiNDciOnsicXVhbnRpdHkiOjEsInByaWNlIjoiNTAuMDAifX0sImZvcm1fZGF0YSI6eyJjc3JmbWlkZGxld2FyZXRva2VuIjoibGR4QWJvRmVLU2d3QUs4eFRvY0dKRUZBVUJNRlZoVGYzaXRjcmI4N2ZvczJOMEZUVHhTeWZNSk4zdFNpSWdDUyIsImVtYWlsIjoiZ2FuZXNocm9kZ2UzQGdtYWlsLmNvbSIsInBhc3N3b3JkIjoiMTAxMjEzQFJhamFuIn0sIl9hdXRoX3VzZXJfaWQiOiIyNiIsIl9hdXRoX3VzZXJfYmFja2VuZCI6ImRqYW5nby5jb250cmliLmF1dGguYmFja2VuZHMuTW9kZWxCYWNrZW5kIiwiX2F1dGhfdXNlcl9oYXNoIjoiZWRmOTFhODM2NmM0Y2U2Njg3ZDYyN2EzYzk1MTVjODdmY2RkMDZmZCJ9', '2019-09-24 03:23:26.792404'),
('nuoacjv5wf6b1crnnkq6wb968h1o0y98', 'NGE0ZDdiNWU5N2VkYTk0M2EzMDM3MzNiZTI1NTEzMjBkZTkwYzdkOTp7ImNhcnQiOnt9fQ==', '2019-09-19 09:31:35.121904'),
('nx6jxo6z95vm44vkdywfu9gno7iz7tt9', 'NGE0ZDdiNWU5N2VkYTk0M2EzMDM3MzNiZTI1NTEzMjBkZTkwYzdkOTp7ImNhcnQiOnt9fQ==', '2019-09-20 15:43:17.708760'),
('nxiukr93ort6g352mlc12fgnt5e9zez7', 'NGE0ZDdiNWU5N2VkYTk0M2EzMDM3MzNiZTI1NTEzMjBkZTkwYzdkOTp7ImNhcnQiOnt9fQ==', '2019-09-11 08:53:37.577414'),
('nyjjqdnc4m4uunjlj9dgj0vud9dbifsa', 'NGE0ZDdiNWU5N2VkYTk0M2EzMDM3MzNiZTI1NTEzMjBkZTkwYzdkOTp7ImNhcnQiOnt9fQ==', '2019-09-01 13:50:20.692017'),
('o0yfx03opunxl03iwhlxh0fm40rdy31o', 'NGE0ZDdiNWU5N2VkYTk0M2EzMDM3MzNiZTI1NTEzMjBkZTkwYzdkOTp7ImNhcnQiOnt9fQ==', '2019-09-13 23:04:41.911160'),
('o1vfkplgymul6xw01qrj4osvqka0cgr9', 'NGE0ZDdiNWU5N2VkYTk0M2EzMDM3MzNiZTI1NTEzMjBkZTkwYzdkOTp7ImNhcnQiOnt9fQ==', '2019-09-10 20:19:20.276944'),
('o23wxyjnsvynvkwn2bwyliwrjk557l6c', 'NGE0ZDdiNWU5N2VkYTk0M2EzMDM3MzNiZTI1NTEzMjBkZTkwYzdkOTp7ImNhcnQiOnt9fQ==', '2019-09-16 13:22:02.911665'),
('o4sy2vrtjctwjiumtuapr58afkq5z6lx', 'NGE0ZDdiNWU5N2VkYTk0M2EzMDM3MzNiZTI1NTEzMjBkZTkwYzdkOTp7ImNhcnQiOnt9fQ==', '2019-09-22 19:46:47.332541'),
('o8g36qimceo5h8uc1da13lbigi479has', 'NGE0ZDdiNWU5N2VkYTk0M2EzMDM3MzNiZTI1NTEzMjBkZTkwYzdkOTp7ImNhcnQiOnt9fQ==', '2019-09-11 09:07:15.780356'),
('o8rlswg7wns5zt1alhyu6j1f8w37apqs', 'NGE0ZDdiNWU5N2VkYTk0M2EzMDM3MzNiZTI1NTEzMjBkZTkwYzdkOTp7ImNhcnQiOnt9fQ==', '2019-09-02 10:06:09.456902'),
('o9cvzpvru56g53tqnf5bg9tkeftbjttr', 'NGE0ZDdiNWU5N2VkYTk0M2EzMDM3MzNiZTI1NTEzMjBkZTkwYzdkOTp7ImNhcnQiOnt9fQ==', '2019-09-25 03:02:37.615696'),
('oba88kb2t62o7xfwkdd3m49d4h2pya4l', 'NGE0ZDdiNWU5N2VkYTk0M2EzMDM3MzNiZTI1NTEzMjBkZTkwYzdkOTp7ImNhcnQiOnt9fQ==', '2019-09-21 16:11:17.820309'),
('odtb6twwl25yz0y5gow8iagzjhftg41l', 'NjljOWVlY2YzMjNiOGFjZWRhY2VkNmQ5YWQ1N2U2YWM5OTI2NTU3NTp7Il9hdXRoX3VzZXJfYmFja2VuZCI6ImRqYW5nby5jb250cmliLmF1dGguYmFja2VuZHMuTW9kZWxCYWNrZW5kIiwiX2F1dGhfdXNlcl9oYXNoIjoiODQ0M2Q3NjMzOTBhZWI1NmIwMmM5M2UwZTgzZjEyOGRhMjRiYWI1MiIsIl9hdXRoX3VzZXJfaWQiOiIxIiwiZm9ybV9kYXRhIjp7ImVtYWlsIjoibWFoZXNobGFuZ290ZTEwQGdtYWlsLmNvbSIsImNzcmZtaWRkbGV3YXJldG9rZW4iOiI1Q0VUczZQRWpYY1JYV1F3V2k0bEZsTU1TT25qM1lpUmdCY0k3UmNqTmFlWWJRRmpzaFdoYlhFNEFNWFI4WG1lIiwicGFzc3dvcmQiOiJJVEN1YmVAMTIzIn19', '2019-03-11 16:59:19.888656'),
('of45kh3ef7oaa30zvagbvn9vavbq8lx5', 'NGE0ZDdiNWU5N2VkYTk0M2EzMDM3MzNiZTI1NTEzMjBkZTkwYzdkOTp7ImNhcnQiOnt9fQ==', '2019-09-14 12:44:25.203362'),
('ofa4dwg72hqsp0ddqyr8zc78ms4g6elh', 'NGE0ZDdiNWU5N2VkYTk0M2EzMDM3MzNiZTI1NTEzMjBkZTkwYzdkOTp7ImNhcnQiOnt9fQ==', '2019-09-24 19:50:15.184225'),
('on40nkeskukv4fmdaa1oxywcf56cj4ni', 'NGE0ZDdiNWU5N2VkYTk0M2EzMDM3MzNiZTI1NTEzMjBkZTkwYzdkOTp7ImNhcnQiOnt9fQ==', '2019-09-19 06:12:21.826760'),
('oncmmwod0a4yopva9xnn0xiw1lv616k4', 'NGE0ZDdiNWU5N2VkYTk0M2EzMDM3MzNiZTI1NTEzMjBkZTkwYzdkOTp7ImNhcnQiOnt9fQ==', '2019-09-03 01:04:36.017937'),
('onlij1f0u30h1jocqxd9vaqbeotmk51f', 'NGE0ZDdiNWU5N2VkYTk0M2EzMDM3MzNiZTI1NTEzMjBkZTkwYzdkOTp7ImNhcnQiOnt9fQ==', '2019-09-17 07:31:36.171898'),
('oooti9hre0hygoq9p5v0mn9vm8hnxzmb', 'NGE0ZDdiNWU5N2VkYTk0M2EzMDM3MzNiZTI1NTEzMjBkZTkwYzdkOTp7ImNhcnQiOnt9fQ==', '2019-09-08 18:25:18.120918'),
('opxns6iml34u6cq3wxft74ir459qkh0i', 'NGE0ZDdiNWU5N2VkYTk0M2EzMDM3MzNiZTI1NTEzMjBkZTkwYzdkOTp7ImNhcnQiOnt9fQ==', '2019-09-09 12:41:56.130841'),
('oro3a09q8jcf4tupf18ugjz7hkhjwrmh', 'NGE0ZDdiNWU5N2VkYTk0M2EzMDM3MzNiZTI1NTEzMjBkZTkwYzdkOTp7ImNhcnQiOnt9fQ==', '2019-09-03 17:53:49.178760'),
('ovlh20e44lr0kbgfxn3hau4r92e5wqwj', 'NGE0ZDdiNWU5N2VkYTk0M2EzMDM3MzNiZTI1NTEzMjBkZTkwYzdkOTp7ImNhcnQiOnt9fQ==', '2019-09-22 14:08:41.733058'),
('p22kut06dqe1k4c1ad1p414kvj7e7c7n', 'NGE0ZDdiNWU5N2VkYTk0M2EzMDM3MzNiZTI1NTEzMjBkZTkwYzdkOTp7ImNhcnQiOnt9fQ==', '2019-09-14 14:44:48.316241'),
('p2d0rzyrrqaejmlj8ipzrhydr0j91om9', 'NGE0ZDdiNWU5N2VkYTk0M2EzMDM3MzNiZTI1NTEzMjBkZTkwYzdkOTp7ImNhcnQiOnt9fQ==', '2019-09-13 06:36:50.570322'),
('p2rc0zv7usmprkgzetlj4uru6dz5o07b', 'NGE0ZDdiNWU5N2VkYTk0M2EzMDM3MzNiZTI1NTEzMjBkZTkwYzdkOTp7ImNhcnQiOnt9fQ==', '2019-09-22 03:00:39.185546'),
('p325ag3b7u070nuwz8yek8fd5d723tg8', 'NGE0ZDdiNWU5N2VkYTk0M2EzMDM3MzNiZTI1NTEzMjBkZTkwYzdkOTp7ImNhcnQiOnt9fQ==', '2019-09-17 12:26:24.708808'),
('p3m4gggjvvexk18fwufzwubyrv7hp5oy', 'NGE0ZDdiNWU5N2VkYTk0M2EzMDM3MzNiZTI1NTEzMjBkZTkwYzdkOTp7ImNhcnQiOnt9fQ==', '2019-09-20 00:09:46.045569'),
('p4d3bnn2qrztby2sc3l45qkps8fmg27d', 'OWE1MGJkZjJkYmE5YmIxMmQwMzc5NDVkZmIzZWMxM2EyZTkyYTk5Yjp7Il9hdXRoX3VzZXJfaWQiOiIxIiwiX2F1dGhfdXNlcl9oYXNoIjoiODQ0M2Q3NjMzOTBhZWI1NmIwMmM5M2UwZTgzZjEyOGRhMjRiYWI1MiIsIl9hdXRoX3VzZXJfYmFja2VuZCI6ImRqYW5nby5jb250cmliLmF1dGguYmFja2VuZHMuTW9kZWxCYWNrZW5kIiwiZm9ybV9kYXRhIjp7ImVtYWlsIjoibWFoZXNobGFuZ290ZTEwQGdtYWlsLmNvbSIsInBhc3N3b3JkIjoiSVRDdWJlQDEyMyIsImNzcmZtaWRkbGV3YXJldG9rZW4iOiIxM3VIY3pyYm5JY0trcURaYzU5c0t4NlUwTTAwa3NKTFJFS0UybjB3bk9kYlBzWXlNQzlBdkFXSjE4dTlSUzhJIn19', '2019-03-16 07:26:00.529169'),
('p6hbumdl5pu0mr5xvgm3kb009rxvgzyv', 'NGE0ZDdiNWU5N2VkYTk0M2EzMDM3MzNiZTI1NTEzMjBkZTkwYzdkOTp7ImNhcnQiOnt9fQ==', '2019-09-20 23:47:22.378220'),
('p7cxsjo2vkt1mo2xaagmf7bgk1zn83lv', 'NGE0ZDdiNWU5N2VkYTk0M2EzMDM3MzNiZTI1NTEzMjBkZTkwYzdkOTp7ImNhcnQiOnt9fQ==', '2019-09-25 03:44:53.250429'),
('pclg2y5wmneg8yl7twmajyc28nf7s3j3', 'NGE0ZDdiNWU5N2VkYTk0M2EzMDM3MzNiZTI1NTEzMjBkZTkwYzdkOTp7ImNhcnQiOnt9fQ==', '2019-09-25 13:45:38.537306'),
('pexz0gei04kx37cs6a3il60zg3rx4fux', 'NGE0ZDdiNWU5N2VkYTk0M2EzMDM3MzNiZTI1NTEzMjBkZTkwYzdkOTp7ImNhcnQiOnt9fQ==', '2019-09-04 05:34:01.709009'),
('pft7c04lksfckiq6j9q8iva4kpgjtg2i', 'NGE0ZDdiNWU5N2VkYTk0M2EzMDM3MzNiZTI1NTEzMjBkZTkwYzdkOTp7ImNhcnQiOnt9fQ==', '2019-09-11 18:57:25.975348'),
('pgb9yprebnzwjht7ttea8uackixb26mt', 'NGE0ZDdiNWU5N2VkYTk0M2EzMDM3MzNiZTI1NTEzMjBkZTkwYzdkOTp7ImNhcnQiOnt9fQ==', '2019-09-22 20:15:47.784185'),
('pjrhu0i6s44md6zkh064zg90qduh18p7', 'NGE0ZDdiNWU5N2VkYTk0M2EzMDM3MzNiZTI1NTEzMjBkZTkwYzdkOTp7ImNhcnQiOnt9fQ==', '2019-09-10 12:11:19.396485'),
('pkdzbb5u9klabh9yyreefys15o8efjjw', 'NGE0ZDdiNWU5N2VkYTk0M2EzMDM3MzNiZTI1NTEzMjBkZTkwYzdkOTp7ImNhcnQiOnt9fQ==', '2019-09-02 05:08:03.874875'),
('pm03wfujh3g0v7qxop73nwzmfod44w1u', 'NGE0ZDdiNWU5N2VkYTk0M2EzMDM3MzNiZTI1NTEzMjBkZTkwYzdkOTp7ImNhcnQiOnt9fQ==', '2019-09-01 13:12:06.434215'),
('pm9ba7jyzmgj7b1ge7u9q6v8f7d77en0', 'NGE0ZDdiNWU5N2VkYTk0M2EzMDM3MzNiZTI1NTEzMjBkZTkwYzdkOTp7ImNhcnQiOnt9fQ==', '2019-09-02 09:44:08.314626'),
('pnguw34oh2rvolk49hnia3yy8vnnnte9', 'NGE0ZDdiNWU5N2VkYTk0M2EzMDM3MzNiZTI1NTEzMjBkZTkwYzdkOTp7ImNhcnQiOnt9fQ==', '2019-09-20 06:56:41.545661'),
('pt4s7br1ja7nwrevvrixijzysqjh5wqb', 'NGE0ZDdiNWU5N2VkYTk0M2EzMDM3MzNiZTI1NTEzMjBkZTkwYzdkOTp7ImNhcnQiOnt9fQ==', '2019-09-14 05:16:06.824553'),
('pv01hn9b0i1ary3irm9j220eorg8a9sg', 'NGE0ZDdiNWU5N2VkYTk0M2EzMDM3MzNiZTI1NTEzMjBkZTkwYzdkOTp7ImNhcnQiOnt9fQ==', '2019-09-10 19:12:03.168682'),
('pxguj2monusoetk0edbm6nebuf1ug0j1', 'NGE0ZDdiNWU5N2VkYTk0M2EzMDM3MzNiZTI1NTEzMjBkZTkwYzdkOTp7ImNhcnQiOnt9fQ==', '2019-09-01 12:55:57.390177'),
('pxta3orb6a3f03ayia7mvvaeywuay71y', 'NGE0ZDdiNWU5N2VkYTk0M2EzMDM3MzNiZTI1NTEzMjBkZTkwYzdkOTp7ImNhcnQiOnt9fQ==', '2019-09-22 10:04:54.075256'),
('pyfasjc712m5qv05trn5xxkb6gvlsno6', 'NGE0ZDdiNWU5N2VkYTk0M2EzMDM3MzNiZTI1NTEzMjBkZTkwYzdkOTp7ImNhcnQiOnt9fQ==', '2019-09-04 21:28:07.372559'),
('pyseonm2yi6sbahe49lzfc38a67ci2rn', 'NGE0ZDdiNWU5N2VkYTk0M2EzMDM3MzNiZTI1NTEzMjBkZTkwYzdkOTp7ImNhcnQiOnt9fQ==', '2019-09-11 09:07:23.977499'),
('q4nyskdpo1wj158fuxawo9v6swfaho2d', 'YTY3Yzc5YjIxMjRiOGU0MGNmMmI2MWZlZTViMDQzZjg0OTZlYWQ2NDp7ImNhcnQiOnsiNCI6eyJxdWFudGl0eSI6MSwicHJpY2UiOiIxMjAifX19', '2019-07-26 15:44:41.824761'),
('q6btdr4wup9vjmegifo8iedghz89mxvl', 'NGE0ZDdiNWU5N2VkYTk0M2EzMDM3MzNiZTI1NTEzMjBkZTkwYzdkOTp7ImNhcnQiOnt9fQ==', '2019-09-19 13:45:46.842611'),
('q6cienftklm5w9dczsl1wnisdozedi55', 'NGE0ZDdiNWU5N2VkYTk0M2EzMDM3MzNiZTI1NTEzMjBkZTkwYzdkOTp7ImNhcnQiOnt9fQ==', '2019-09-25 13:20:59.007966'),
('q957onrn68ewfqelyqao8wzsz6irz07x', 'NGE0ZDdiNWU5N2VkYTk0M2EzMDM3MzNiZTI1NTEzMjBkZTkwYzdkOTp7ImNhcnQiOnt9fQ==', '2019-09-23 03:56:07.166272'),
('q9ho8r52umo8pu1egosp6pre7jgdeqlw', 'NGE0ZDdiNWU5N2VkYTk0M2EzMDM3MzNiZTI1NTEzMjBkZTkwYzdkOTp7ImNhcnQiOnt9fQ==', '2019-09-23 14:37:40.646939'),
('qikf8hartcujqwmtcsllgkwdl0q1dd2r', 'NGE0ZDdiNWU5N2VkYTk0M2EzMDM3MzNiZTI1NTEzMjBkZTkwYzdkOTp7ImNhcnQiOnt9fQ==', '2019-09-18 12:39:20.812193'),
('qjh3tbymwsim2uyotj1iud7hlqc211oc', 'NGE0ZDdiNWU5N2VkYTk0M2EzMDM3MzNiZTI1NTEzMjBkZTkwYzdkOTp7ImNhcnQiOnt9fQ==', '2019-09-16 16:29:42.354584'),
('qkiqo6u59fpgzz59mpm85kwbobote8rr', 'NGE0ZDdiNWU5N2VkYTk0M2EzMDM3MzNiZTI1NTEzMjBkZTkwYzdkOTp7ImNhcnQiOnt9fQ==', '2019-09-23 22:56:20.187076'),
('ql0hsszrp3aexuosl704zofky3y0u1hw', 'NGE0ZDdiNWU5N2VkYTk0M2EzMDM3MzNiZTI1NTEzMjBkZTkwYzdkOTp7ImNhcnQiOnt9fQ==', '2019-09-16 01:32:57.252590'),
('qlinfdkqf1g403f1qwqcykscurj5khxh', 'NGE0ZDdiNWU5N2VkYTk0M2EzMDM3MzNiZTI1NTEzMjBkZTkwYzdkOTp7ImNhcnQiOnt9fQ==', '2019-09-21 11:42:37.389820'),
('qm0ut0jcvhic6gbtwww5qeqyrttookr6', 'NGE0ZDdiNWU5N2VkYTk0M2EzMDM3MzNiZTI1NTEzMjBkZTkwYzdkOTp7ImNhcnQiOnt9fQ==', '2019-09-14 21:59:22.452964'),
('qmjm3e4vcmapizs9tl2pjcmmzpqybrg4', 'NGE0ZDdiNWU5N2VkYTk0M2EzMDM3MzNiZTI1NTEzMjBkZTkwYzdkOTp7ImNhcnQiOnt9fQ==', '2019-09-20 12:16:25.874301'),
('qtba11i842eul0d224vgksg9dtunzw20', 'NGE0ZDdiNWU5N2VkYTk0M2EzMDM3MzNiZTI1NTEzMjBkZTkwYzdkOTp7ImNhcnQiOnt9fQ==', '2019-09-14 07:36:55.980319'),
('qv1oemjmjfgfgdqa07dqtkffu7wifn10', 'NGE0ZDdiNWU5N2VkYTk0M2EzMDM3MzNiZTI1NTEzMjBkZTkwYzdkOTp7ImNhcnQiOnt9fQ==', '2019-09-17 19:29:17.200678'),
('qx1j3ooy1d02vebf1udroj815r8rypln', 'MzYxNzgzOGE2ZjBmNmEwNzZiMTMyYWJhZDQ4Y2IyMGQ3M2Q1NDliYjp7ImNhcnQiOnsiNDgiOnsicXVhbnRpdHkiOjEsInByaWNlIjoiNTAifX0sImZvcm1fZGF0YSI6eyJjc3JmbWlkZGxld2FyZXRva2VuIjoiWTFRM1ljYjFDeVFZWHhNQ2taYnRzRUFYTW9WZUs5RWtudExMTDFmMzV0bFlIYTdHamRiU2lSYUQySmJEMThQRCIsImVtYWlsIjoidmlzaGFsQGdtYWlsLmNvbSIsInBhc3N3b3JkIjoiUmVkYnl0ZXNAMTIzIn0sIl9hdXRoX3VzZXJfaWQiOiIyNSIsIl9hdXRoX3VzZXJfYmFja2VuZCI6ImRqYW5nby5jb250cmliLmF1dGguYmFja2VuZHMuTW9kZWxCYWNrZW5kIiwiX2F1dGhfdXNlcl9oYXNoIjoiMGU2MDE0ZjcwM2Q0YjE3MWJkYjVhNjJhNzhmYTk3NTIwOThhZDRjMCJ9', '2019-09-23 16:55:54.006805'),
('qxxci5bykvz3kqf9s71gjmp0qv9ycwxr', 'NGE0ZDdiNWU5N2VkYTk0M2EzMDM3MzNiZTI1NTEzMjBkZTkwYzdkOTp7ImNhcnQiOnt9fQ==', '2019-09-18 19:35:01.351387'),
('qysxp88lhphodiruhcj53ci4i5qc5q2p', 'NGE0ZDdiNWU5N2VkYTk0M2EzMDM3MzNiZTI1NTEzMjBkZTkwYzdkOTp7ImNhcnQiOnt9fQ==', '2019-09-23 03:55:59.989105'),
('r0a5scip96go6443ipww85wqw5ofbdjl', 'NGE0ZDdiNWU5N2VkYTk0M2EzMDM3MzNiZTI1NTEzMjBkZTkwYzdkOTp7ImNhcnQiOnt9fQ==', '2019-09-20 06:52:49.608069'),
('r0g2km6qvs7ssofnpvjp4hpoff5agwxg', 'NGE0ZDdiNWU5N2VkYTk0M2EzMDM3MzNiZTI1NTEzMjBkZTkwYzdkOTp7ImNhcnQiOnt9fQ==', '2019-09-04 06:56:04.142143'),
('r1c6ckouxrpq5llr2qepgodx5ifd46ds', 'NGE0ZDdiNWU5N2VkYTk0M2EzMDM3MzNiZTI1NTEzMjBkZTkwYzdkOTp7ImNhcnQiOnt9fQ==', '2019-09-04 12:48:09.846918'),
('r3i8y9d18ziu8d89wvv7xvog1be9dso1', 'NGE0ZDdiNWU5N2VkYTk0M2EzMDM3MzNiZTI1NTEzMjBkZTkwYzdkOTp7ImNhcnQiOnt9fQ==', '2019-09-10 08:31:03.066345'),
('r3ydsemrs5jveqm5cgittfj4abrhklfm', 'NGE0ZDdiNWU5N2VkYTk0M2EzMDM3MzNiZTI1NTEzMjBkZTkwYzdkOTp7ImNhcnQiOnt9fQ==', '2019-09-17 00:26:54.774470'),
('r4mgwsffeweb78fbi9lhpkm0tt04aabo', 'NGE0ZDdiNWU5N2VkYTk0M2EzMDM3MzNiZTI1NTEzMjBkZTkwYzdkOTp7ImNhcnQiOnt9fQ==', '2019-09-11 09:07:09.087399'),
('r96n0tzkzteuubztkj48jgfptr7xlhwj', 'NGE0ZDdiNWU5N2VkYTk0M2EzMDM3MzNiZTI1NTEzMjBkZTkwYzdkOTp7ImNhcnQiOnt9fQ==', '2019-09-04 09:52:00.862872'),
('r9w72nrjp8i3ryoimdx1bvw4gj2iybvp', 'NGE0ZDdiNWU5N2VkYTk0M2EzMDM3MzNiZTI1NTEzMjBkZTkwYzdkOTp7ImNhcnQiOnt9fQ==', '2019-09-11 09:07:13.267752'),
('renigwfqk0jjyznfbw1hf7gv4ymekoq2', 'NGE0ZDdiNWU5N2VkYTk0M2EzMDM3MzNiZTI1NTEzMjBkZTkwYzdkOTp7ImNhcnQiOnt9fQ==', '2019-09-18 13:12:31.623795'),
('rgqwmwxjup4kodaw3d1hfpvial7r1wqe', 'NGE0ZDdiNWU5N2VkYTk0M2EzMDM3MzNiZTI1NTEzMjBkZTkwYzdkOTp7ImNhcnQiOnt9fQ==', '2019-09-25 14:22:09.007915'),
('rhgoix7oqs4qkd18f5gnd87uh5nnzp0j', 'NGE0ZDdiNWU5N2VkYTk0M2EzMDM3MzNiZTI1NTEzMjBkZTkwYzdkOTp7ImNhcnQiOnt9fQ==', '2019-09-17 07:21:43.568963'),
('rhxhyv71kuiq63hsz0scftun1hdfgyfv', 'NGE0ZDdiNWU5N2VkYTk0M2EzMDM3MzNiZTI1NTEzMjBkZTkwYzdkOTp7ImNhcnQiOnt9fQ==', '2019-09-02 20:17:58.037918'),
('rmxqemkkct50am05z9kve9e9xh1atwa8', 'NGE0ZDdiNWU5N2VkYTk0M2EzMDM3MzNiZTI1NTEzMjBkZTkwYzdkOTp7ImNhcnQiOnt9fQ==', '2019-09-18 13:20:52.335378'),
('rnceih089ofsukm6rfahfj8cyz1s6k4f', 'NGE0ZDdiNWU5N2VkYTk0M2EzMDM3MzNiZTI1NTEzMjBkZTkwYzdkOTp7ImNhcnQiOnt9fQ==', '2019-09-17 19:49:36.187799'),
('rne4ixjdgzx65l8jinhvg09um2t4pqdk', 'NGE0ZDdiNWU5N2VkYTk0M2EzMDM3MzNiZTI1NTEzMjBkZTkwYzdkOTp7ImNhcnQiOnt9fQ==', '2019-09-24 11:56:32.078339'),
('rp9xdl0z0hrku6da5nfk8mn49nhwvn9k', 'NGE0ZDdiNWU5N2VkYTk0M2EzMDM3MzNiZTI1NTEzMjBkZTkwYzdkOTp7ImNhcnQiOnt9fQ==', '2019-09-16 02:44:50.258893'),
('rqo131vuynjn0vfqbed6pzufobopgsq8', 'NGE0ZDdiNWU5N2VkYTk0M2EzMDM3MzNiZTI1NTEzMjBkZTkwYzdkOTp7ImNhcnQiOnt9fQ==', '2019-09-09 20:14:49.723855'),
('ry98sr7hhgfdyc1bj0vj8p1y1a1vp89k', 'NGE0ZDdiNWU5N2VkYTk0M2EzMDM3MzNiZTI1NTEzMjBkZTkwYzdkOTp7ImNhcnQiOnt9fQ==', '2019-09-11 15:17:20.670200'),
('s04afpwpav9vskynin3s8ki6l39h36i6', 'MWUxMWM0NDc3MzI5OTVhNzNlNWM1M2Q0MWRkNTI2NzNiNTEwODgwOTp7ImZvcm1fZGF0YSI6eyJjc3JmbWlkZGxld2FyZXRva2VuIjoiekFZUWFCMTdCNVBJOG14T0I5RDlhcndhdU00b1Q3b0pnU3FBekNNRXhWb2w2MUNpUWJNVHRiRktnRjlFM0xVSiIsImVtYWlsIjoicmFqYW5zdG9yZTExQGdtYWlsLmNvbSIsInBhc3N3b3JkIjoiUmFqYW5AMTIzIn0sIl9hdXRoX3VzZXJfaWQiOiIxOCIsIl9hdXRoX3VzZXJfYmFja2VuZCI6ImRqYW5nby5jb250cmliLmF1dGguYmFja2VuZHMuTW9kZWxCYWNrZW5kIiwiX2F1dGhfdXNlcl9oYXNoIjoiZjcxM2U1ODJhYWUyZWI5YTZmMzJjYmEzMmY5OTUwMjEyYTQ4ZThhMSJ9', '2019-09-03 17:13:25.040829'),
('s1l8xzuzby1wqgnz6k7ws29fb2eqqzvb', 'NGE0ZDdiNWU5N2VkYTk0M2EzMDM3MzNiZTI1NTEzMjBkZTkwYzdkOTp7ImNhcnQiOnt9fQ==', '2019-09-24 02:17:45.063158'),
('s4s5muyozl7zipuzax14mvuy1bo3xw1s', 'NGE0ZDdiNWU5N2VkYTk0M2EzMDM3MzNiZTI1NTEzMjBkZTkwYzdkOTp7ImNhcnQiOnt9fQ==', '2019-09-10 02:57:47.836005'),
('s683z4ajgxl2go9kjo4lfm4zq6ralzhh', 'NGE0ZDdiNWU5N2VkYTk0M2EzMDM3MzNiZTI1NTEzMjBkZTkwYzdkOTp7ImNhcnQiOnt9fQ==', '2019-09-03 20:57:44.474918'),
('s7kf7cgvvr69383bxbyi5ptq7rc3ac8m', 'NGE0ZDdiNWU5N2VkYTk0M2EzMDM3MzNiZTI1NTEzMjBkZTkwYzdkOTp7ImNhcnQiOnt9fQ==', '2019-09-10 11:44:56.726933'),
('s7o2qjcl8egizrrvlhtz7zq5j3bakvgy', 'NGE0ZDdiNWU5N2VkYTk0M2EzMDM3MzNiZTI1NTEzMjBkZTkwYzdkOTp7ImNhcnQiOnt9fQ==', '2019-09-03 16:09:33.005727'),
('s9osfquavjm37scvp2wwgjsm2c41pd31', 'NGM1MDIxN2JiNjMxYTRlOWY2ZmU3MWUxYWFmM2Y2NTFkMWE4M2EwNzp7ImZvcm1fZGF0YSI6eyJjc3JmbWlkZGxld2FyZXRva2VuIjoiQ1BybGV1anVvOFlEenRDaTFGMkFETTRES3BTSUt2WTkxYnFyd09JaVJpeTY3REZXemg3UTJaRmkwTGZ2YzlwYyIsImVtYWlsIjoicmFqYW5zdG9yZTExQGdtYWlsLmNvbSIsInBhc3N3b3JkIjoiUmFqYW5AMTIzIn0sIl9hdXRoX3VzZXJfaWQiOiIxOCIsIl9hdXRoX3VzZXJfYmFja2VuZCI6ImRqYW5nby5jb250cmliLmF1dGguYmFja2VuZHMuTW9kZWxCYWNrZW5kIiwiX2F1dGhfdXNlcl9oYXNoIjoiZjcxM2U1ODJhYWUyZWI5YTZmMzJjYmEzMmY5OTUwMjEyYTQ4ZThhMSIsImNhcnQiOnt9fQ==', '2019-09-08 18:58:09.466845'),
('s9t34lwrvgaug3raboypikx439dg3nxe', 'NGE0ZDdiNWU5N2VkYTk0M2EzMDM3MzNiZTI1NTEzMjBkZTkwYzdkOTp7ImNhcnQiOnt9fQ==', '2019-09-26 07:29:11.809067'),
('sczwdrjou6w9y77a67zw192o7tavizs1', 'NGE0ZDdiNWU5N2VkYTk0M2EzMDM3MzNiZTI1NTEzMjBkZTkwYzdkOTp7ImNhcnQiOnt9fQ==', '2019-09-13 18:30:29.434071'),
('seu32lkxyouzm2hedts7e7mlttf2o34a', 'NGE0ZDdiNWU5N2VkYTk0M2EzMDM3MzNiZTI1NTEzMjBkZTkwYzdkOTp7ImNhcnQiOnt9fQ==', '2019-09-03 10:25:43.464402'),
('sf77tiy5yvdgjgkcrk2d6r28netb8nzn', 'NGE0ZDdiNWU5N2VkYTk0M2EzMDM3MzNiZTI1NTEzMjBkZTkwYzdkOTp7ImNhcnQiOnt9fQ==', '2019-09-16 22:31:57.706261'),
('sh88jrdl6uf2g67hxykjvfg5dstjxl5i', 'NGE0ZDdiNWU5N2VkYTk0M2EzMDM3MzNiZTI1NTEzMjBkZTkwYzdkOTp7ImNhcnQiOnt9fQ==', '2019-09-02 03:03:10.702073'),
('sik00oxbzx6eu03i27x2yq7eiqet21gq', 'NGE0ZDdiNWU5N2VkYTk0M2EzMDM3MzNiZTI1NTEzMjBkZTkwYzdkOTp7ImNhcnQiOnt9fQ==', '2019-09-17 22:44:35.795158'),
('sip2sr7uxvk9lvwopjjt4mk1vglo81tr', 'NGE0ZDdiNWU5N2VkYTk0M2EzMDM3MzNiZTI1NTEzMjBkZTkwYzdkOTp7ImNhcnQiOnt9fQ==', '2019-09-04 05:35:32.685830'),
('sjfyu5bhmq9lp1uwx5ny67uellluvjb6', 'NGE0ZDdiNWU5N2VkYTk0M2EzMDM3MzNiZTI1NTEzMjBkZTkwYzdkOTp7ImNhcnQiOnt9fQ==', '2019-09-19 21:30:51.413820'),
('smnxeaz65uenslzjgndsk2317nwxc3qn', 'NGE0ZDdiNWU5N2VkYTk0M2EzMDM3MzNiZTI1NTEzMjBkZTkwYzdkOTp7ImNhcnQiOnt9fQ==', '2019-09-19 10:09:34.624088'),
('sntxyo4syyey9c4j3xu14jyx05f2u9s4', 'NGE0ZDdiNWU5N2VkYTk0M2EzMDM3MzNiZTI1NTEzMjBkZTkwYzdkOTp7ImNhcnQiOnt9fQ==', '2019-09-12 15:50:46.496077'),
('stggxjklj2brvt66m9mv3zrhjpabx8l9', 'NGE0ZDdiNWU5N2VkYTk0M2EzMDM3MzNiZTI1NTEzMjBkZTkwYzdkOTp7ImNhcnQiOnt9fQ==', '2019-09-23 21:26:31.193511'),
('sumr1or9z7euscytgn938w7mjolzeuh2', 'NGE0ZDdiNWU5N2VkYTk0M2EzMDM3MzNiZTI1NTEzMjBkZTkwYzdkOTp7ImNhcnQiOnt9fQ==', '2019-09-25 02:53:27.749276'),
('sv0lyuea46yesy8agdokt4ft97ztqftd', 'NGE0ZDdiNWU5N2VkYTk0M2EzMDM3MzNiZTI1NTEzMjBkZTkwYzdkOTp7ImNhcnQiOnt9fQ==', '2019-08-25 11:00:00.483042'),
('sx0e54e38wy9erqodw4tz0u1rmmfwntl', 'NGE0ZDdiNWU5N2VkYTk0M2EzMDM3MzNiZTI1NTEzMjBkZTkwYzdkOTp7ImNhcnQiOnt9fQ==', '2019-09-10 08:40:06.096284'),
('sxfwo9sdjte8vz4swymandyiz588zx1u', 'NGE0ZDdiNWU5N2VkYTk0M2EzMDM3MzNiZTI1NTEzMjBkZTkwYzdkOTp7ImNhcnQiOnt9fQ==', '2019-09-21 11:07:22.330074'),
('sxr71rg2ignkn5u8ucchq5nvfb99z637', 'NjFmOGE3OTk0MmJlMmI1NjM1ZGZjM2FjNzUxYzc5Zjc3ODg2M2Y2Yjp7ImNhcnQiOnsiNCI6eyJwcmljZSI6IjEyMCIsInF1YW50aXR5IjoyfX19', '2019-08-04 05:45:49.124262'),
('sxuiztj8h7e2jec2xax5vdp9g0l38g2k', 'NGE0ZDdiNWU5N2VkYTk0M2EzMDM3MzNiZTI1NTEzMjBkZTkwYzdkOTp7ImNhcnQiOnt9fQ==', '2019-09-17 07:58:42.241133'),
('szksdcgk5x9tfbg6cjap4xstcx3zu5fl', 'NGE0ZDdiNWU5N2VkYTk0M2EzMDM3MzNiZTI1NTEzMjBkZTkwYzdkOTp7ImNhcnQiOnt9fQ==', '2019-09-20 03:07:05.362141'),
('t0d2i7wlwc7glhj6fkcnom8s12muq7pt', 'NGE0ZDdiNWU5N2VkYTk0M2EzMDM3MzNiZTI1NTEzMjBkZTkwYzdkOTp7ImNhcnQiOnt9fQ==', '2019-09-12 15:36:18.752480'),
('t0prx4ytlcmc2s0zweqifhsasgh22em6', 'NGE0ZDdiNWU5N2VkYTk0M2EzMDM3MzNiZTI1NTEzMjBkZTkwYzdkOTp7ImNhcnQiOnt9fQ==', '2019-09-02 21:10:51.507374'),
('t2hmxt3harw7js61fh7chnmxg1uaiy1o', 'NGE0ZDdiNWU5N2VkYTk0M2EzMDM3MzNiZTI1NTEzMjBkZTkwYzdkOTp7ImNhcnQiOnt9fQ==', '2019-09-01 11:01:59.234250'),
('t73mdfuqcdmi42djbjs1sh1vd5np3o9u', 'NGE0ZDdiNWU5N2VkYTk0M2EzMDM3MzNiZTI1NTEzMjBkZTkwYzdkOTp7ImNhcnQiOnt9fQ==', '2019-09-08 18:25:16.688193'),
('t7i8ijcxt94bg1ucdo3oz3ndoc0yzvb8', 'NGE0ZDdiNWU5N2VkYTk0M2EzMDM3MzNiZTI1NTEzMjBkZTkwYzdkOTp7ImNhcnQiOnt9fQ==', '2019-09-21 11:42:32.276988'),
('t8gydg5d8ys7am0xnymzrm9m1sdb85qh', 'NGE0ZDdiNWU5N2VkYTk0M2EzMDM3MzNiZTI1NTEzMjBkZTkwYzdkOTp7ImNhcnQiOnt9fQ==', '2019-09-20 21:30:37.737238'),
('t8wfitrje1ygfq8bmc5twauwia9j21yd', 'NGE0ZDdiNWU5N2VkYTk0M2EzMDM3MzNiZTI1NTEzMjBkZTkwYzdkOTp7ImNhcnQiOnt9fQ==', '2019-09-25 09:14:23.278507'),
('t9kjrdeifap5p9jico80mmq4hvefa86p', 'NGE0ZDdiNWU5N2VkYTk0M2EzMDM3MzNiZTI1NTEzMjBkZTkwYzdkOTp7ImNhcnQiOnt9fQ==', '2019-09-09 17:16:30.370433'),
('tc4qits86zuk14l3njrsh4gdiqy8gp1i', 'NGE0ZDdiNWU5N2VkYTk0M2EzMDM3MzNiZTI1NTEzMjBkZTkwYzdkOTp7ImNhcnQiOnt9fQ==', '2019-09-20 07:07:26.689805'),
('td1c5kym8iax1nt0czctbcw5o1e12v2c', 'NGE0ZDdiNWU5N2VkYTk0M2EzMDM3MzNiZTI1NTEzMjBkZTkwYzdkOTp7ImNhcnQiOnt9fQ==', '2019-09-11 21:31:02.185718'),
('td88w7r18uetby6vg4w30sl8wm20ysdx', 'NGE0ZDdiNWU5N2VkYTk0M2EzMDM3MzNiZTI1NTEzMjBkZTkwYzdkOTp7ImNhcnQiOnt9fQ==', '2019-09-09 20:46:06.496643'),
('tena2o9k0qmm2gsfavwkedfk3050auw9', 'NGE0ZDdiNWU5N2VkYTk0M2EzMDM3MzNiZTI1NTEzMjBkZTkwYzdkOTp7ImNhcnQiOnt9fQ==', '2019-09-03 04:40:57.769639'),
('teu50ogwbxt2b82vmc7u4ga96i7ethvs', 'NGE0ZDdiNWU5N2VkYTk0M2EzMDM3MzNiZTI1NTEzMjBkZTkwYzdkOTp7ImNhcnQiOnt9fQ==', '2019-09-21 21:52:23.118088'),
('tgbp224xzr6a4qwc8f381kxsdvvm6jwx', 'NGE0ZDdiNWU5N2VkYTk0M2EzMDM3MzNiZTI1NTEzMjBkZTkwYzdkOTp7ImNhcnQiOnt9fQ==', '2019-09-20 15:32:58.910450'),
('th3k8ouhulyomde6w2gf8dbugnic9cfb', 'NGE0ZDdiNWU5N2VkYTk0M2EzMDM3MzNiZTI1NTEzMjBkZTkwYzdkOTp7ImNhcnQiOnt9fQ==', '2019-09-25 13:58:47.022132'),
('thm25uoktm2e0o7txdt4ug2dx1o1z07h', 'NGE0ZDdiNWU5N2VkYTk0M2EzMDM3MzNiZTI1NTEzMjBkZTkwYzdkOTp7ImNhcnQiOnt9fQ==', '2019-09-11 21:29:15.374618'),
('thoh96ziakm58pxp001yky7abcmw8vl7', 'NGE0ZDdiNWU5N2VkYTk0M2EzMDM3MzNiZTI1NTEzMjBkZTkwYzdkOTp7ImNhcnQiOnt9fQ==', '2019-09-25 05:39:41.677663'),
('thrcan92b89buwsjgmaz2f3jdrs3rxd0', 'NGE0ZDdiNWU5N2VkYTk0M2EzMDM3MzNiZTI1NTEzMjBkZTkwYzdkOTp7ImNhcnQiOnt9fQ==', '2019-09-16 19:20:48.654805'),
('tiovxdiy5d8l8mle25f2fydrlax19fhe', 'NGE0ZDdiNWU5N2VkYTk0M2EzMDM3MzNiZTI1NTEzMjBkZTkwYzdkOTp7ImNhcnQiOnt9fQ==', '2019-09-26 05:11:39.628948'),
('tiv5aafqgbsde941icqnpvssd7cb51x6', 'NGE0ZDdiNWU5N2VkYTk0M2EzMDM3MzNiZTI1NTEzMjBkZTkwYzdkOTp7ImNhcnQiOnt9fQ==', '2019-09-09 15:16:43.305391'),
('tkr122fsrwu1j7uq070chehv7lu76yo9', 'NGE0ZDdiNWU5N2VkYTk0M2EzMDM3MzNiZTI1NTEzMjBkZTkwYzdkOTp7ImNhcnQiOnt9fQ==', '2019-09-02 03:20:18.801361'),
('tkuft5tur0xs5i4cr1nbhgmjhm0kyuqv', 'NGE0ZDdiNWU5N2VkYTk0M2EzMDM3MzNiZTI1NTEzMjBkZTkwYzdkOTp7ImNhcnQiOnt9fQ==', '2019-09-23 19:14:42.036341'),
('tlgq80owhgnoej4gas48syrb0hbisu7l', 'NGE0ZDdiNWU5N2VkYTk0M2EzMDM3MzNiZTI1NTEzMjBkZTkwYzdkOTp7ImNhcnQiOnt9fQ==', '2019-09-03 02:37:38.039526'),
('tnsovjmof5zl0o7ljxwrohxlrzusisuw', 'NGE0ZDdiNWU5N2VkYTk0M2EzMDM3MzNiZTI1NTEzMjBkZTkwYzdkOTp7ImNhcnQiOnt9fQ==', '2019-09-24 06:21:23.095877'),
('tqztioktq9tfun2nnmimkmkcr9ezbe0t', 'NGE0ZDdiNWU5N2VkYTk0M2EzMDM3MzNiZTI1NTEzMjBkZTkwYzdkOTp7ImNhcnQiOnt9fQ==', '2019-09-14 02:53:26.890652'),
('tr9b114vaoym3cxste0w3b3syu6dp3pq', 'NGE0ZDdiNWU5N2VkYTk0M2EzMDM3MzNiZTI1NTEzMjBkZTkwYzdkOTp7ImNhcnQiOnt9fQ==', '2019-09-17 04:56:38.840932'),
('tsgxoiiawrhufhzmimvldqlcpxgt5qs3', 'NGE0ZDdiNWU5N2VkYTk0M2EzMDM3MzNiZTI1NTEzMjBkZTkwYzdkOTp7ImNhcnQiOnt9fQ==', '2019-09-02 10:14:31.053804'),
('tvk7qavue2zb9dvsj64tnievq3io76t9', 'NGE0ZDdiNWU5N2VkYTk0M2EzMDM3MzNiZTI1NTEzMjBkZTkwYzdkOTp7ImNhcnQiOnt9fQ==', '2019-09-20 05:51:11.790432'),
('tvpk4glfiojtn97j7o5h96xzxv8c1bs0', 'NGE0ZDdiNWU5N2VkYTk0M2EzMDM3MzNiZTI1NTEzMjBkZTkwYzdkOTp7ImNhcnQiOnt9fQ==', '2019-09-02 10:03:12.089631'),
('tywh3sib7t4h077qcxf0tgm2rg12ok8j', 'NGE0ZDdiNWU5N2VkYTk0M2EzMDM3MzNiZTI1NTEzMjBkZTkwYzdkOTp7ImNhcnQiOnt9fQ==', '2019-09-15 17:59:02.044972'),
('tzpsqj63mruhxewxft195z3deepdlmcy', 'NGE0ZDdiNWU5N2VkYTk0M2EzMDM3MzNiZTI1NTEzMjBkZTkwYzdkOTp7ImNhcnQiOnt9fQ==', '2019-09-09 13:48:13.306355'),
('u0gcj1h2cs233o6ng5dkm0ialnmp77qz', 'NGE0ZDdiNWU5N2VkYTk0M2EzMDM3MzNiZTI1NTEzMjBkZTkwYzdkOTp7ImNhcnQiOnt9fQ==', '2019-09-25 01:03:19.250404'),
('u0nvqu6a1up97kmqw5ponr5n50tfugwx', 'NGE0ZDdiNWU5N2VkYTk0M2EzMDM3MzNiZTI1NTEzMjBkZTkwYzdkOTp7ImNhcnQiOnt9fQ==', '2019-09-09 12:41:56.585827'),
('u1lew8anbwxioo93afmdy6f99ri2rox9', 'NGE0ZDdiNWU5N2VkYTk0M2EzMDM3MzNiZTI1NTEzMjBkZTkwYzdkOTp7ImNhcnQiOnt9fQ==', '2019-09-13 10:31:58.081059'),
('u3e22b9yhmxrafd62o25yx4duvs4jmq9', 'NGE0ZDdiNWU5N2VkYTk0M2EzMDM3MzNiZTI1NTEzMjBkZTkwYzdkOTp7ImNhcnQiOnt9fQ==', '2019-09-18 16:11:05.407714'),
('u3qhp0hrouh8pfzqau15p5qjuxc366b1', 'NGE0ZDdiNWU5N2VkYTk0M2EzMDM3MzNiZTI1NTEzMjBkZTkwYzdkOTp7ImNhcnQiOnt9fQ==', '2019-09-03 15:31:59.502886');
INSERT INTO `django_session` (`session_key`, `session_data`, `expire_date`) VALUES
('u5sbonj29rz8dvrfqbhllhsroon0mwjf', 'NGE0ZDdiNWU5N2VkYTk0M2EzMDM3MzNiZTI1NTEzMjBkZTkwYzdkOTp7ImNhcnQiOnt9fQ==', '2019-09-25 13:08:10.212788'),
('u77qamfbqcnxooaso3tpg0pqeyqchxu2', 'NGE0ZDdiNWU5N2VkYTk0M2EzMDM3MzNiZTI1NTEzMjBkZTkwYzdkOTp7ImNhcnQiOnt9fQ==', '2019-09-22 18:18:18.062189'),
('u7bcxd5war3k3hkay0yhn2dxeukoawni', 'NGE0ZDdiNWU5N2VkYTk0M2EzMDM3MzNiZTI1NTEzMjBkZTkwYzdkOTp7ImNhcnQiOnt9fQ==', '2019-09-23 16:55:38.886795'),
('u9nyibzsuoviut5nwgjtryvb3sv0r3qs', 'NGE0ZDdiNWU5N2VkYTk0M2EzMDM3MzNiZTI1NTEzMjBkZTkwYzdkOTp7ImNhcnQiOnt9fQ==', '2019-09-04 05:36:39.691909'),
('ubowlcdto3cjodxyyddv8zzw3ehez9rd', 'NGE0ZDdiNWU5N2VkYTk0M2EzMDM3MzNiZTI1NTEzMjBkZTkwYzdkOTp7ImNhcnQiOnt9fQ==', '2019-09-18 13:13:21.108208'),
('ubq990dakfmy85w6mwig2gseiqcc4ce7', 'NGE0ZDdiNWU5N2VkYTk0M2EzMDM3MzNiZTI1NTEzMjBkZTkwYzdkOTp7ImNhcnQiOnt9fQ==', '2019-09-23 10:59:41.345089'),
('udjkld6z4q1xiqtmz3pjza21o18n8dbp', 'NGE0ZDdiNWU5N2VkYTk0M2EzMDM3MzNiZTI1NTEzMjBkZTkwYzdkOTp7ImNhcnQiOnt9fQ==', '2019-09-04 16:38:25.714642'),
('uexqwsvyb2ybshzsehfxmb0mhso72fkt', 'NGE0ZDdiNWU5N2VkYTk0M2EzMDM3MzNiZTI1NTEzMjBkZTkwYzdkOTp7ImNhcnQiOnt9fQ==', '2019-09-11 11:13:43.885764'),
('ugby99lyn9hqm5gev79dbrpbdxds7cg1', 'NGE0ZDdiNWU5N2VkYTk0M2EzMDM3MzNiZTI1NTEzMjBkZTkwYzdkOTp7ImNhcnQiOnt9fQ==', '2019-09-25 06:43:20.752867'),
('uj9qdpz1dfzn3b0yybvl4mmeag0ovekd', 'NGE0ZDdiNWU5N2VkYTk0M2EzMDM3MzNiZTI1NTEzMjBkZTkwYzdkOTp7ImNhcnQiOnt9fQ==', '2019-09-11 19:51:50.556342'),
('ukrs0eeafcrukiwrtz4jj5lbjsfo2wxf', 'NGE0ZDdiNWU5N2VkYTk0M2EzMDM3MzNiZTI1NTEzMjBkZTkwYzdkOTp7ImNhcnQiOnt9fQ==', '2019-09-10 05:00:06.895609'),
('uny2lvfb135q9uo3cy1leu989tahsccd', 'NGE0ZDdiNWU5N2VkYTk0M2EzMDM3MzNiZTI1NTEzMjBkZTkwYzdkOTp7ImNhcnQiOnt9fQ==', '2019-09-20 06:51:41.595148'),
('uo0ttnrgvjar91138m2w659z2da311tn', 'NGE0ZDdiNWU5N2VkYTk0M2EzMDM3MzNiZTI1NTEzMjBkZTkwYzdkOTp7ImNhcnQiOnt9fQ==', '2019-09-21 09:25:20.150305'),
('uorqh17igl1mac1c2s998eee0v46ueuq', 'NGE0ZDdiNWU5N2VkYTk0M2EzMDM3MzNiZTI1NTEzMjBkZTkwYzdkOTp7ImNhcnQiOnt9fQ==', '2019-09-14 00:01:26.879919'),
('upjvltfb9jfvns6jfx68gintpq3atyfk', 'NGE0ZDdiNWU5N2VkYTk0M2EzMDM3MzNiZTI1NTEzMjBkZTkwYzdkOTp7ImNhcnQiOnt9fQ==', '2019-09-16 06:53:52.998543'),
('uqq4tgh3q7v5w4q929py0m2kfb48bwee', 'NGE0ZDdiNWU5N2VkYTk0M2EzMDM3MzNiZTI1NTEzMjBkZTkwYzdkOTp7ImNhcnQiOnt9fQ==', '2019-09-04 11:40:32.628095'),
('utlp5q7ty6csyam8rc37b6g5jxp5kz2u', 'NGE0ZDdiNWU5N2VkYTk0M2EzMDM3MzNiZTI1NTEzMjBkZTkwYzdkOTp7ImNhcnQiOnt9fQ==', '2019-09-03 20:49:16.736233'),
('uv4wdfoo1nz32qfg0z3vy00r8lg7pv4k', 'NGE0ZDdiNWU5N2VkYTk0M2EzMDM3MzNiZTI1NTEzMjBkZTkwYzdkOTp7ImNhcnQiOnt9fQ==', '2019-09-11 20:52:25.902944'),
('uzmgjfvituximbj7ch9ewqs5w70naje5', 'NGE0ZDdiNWU5N2VkYTk0M2EzMDM3MzNiZTI1NTEzMjBkZTkwYzdkOTp7ImNhcnQiOnt9fQ==', '2019-09-19 20:29:27.977043'),
('v1rh5dq1h815n9lln2cm0rkmacgkf100', 'NGE0ZDdiNWU5N2VkYTk0M2EzMDM3MzNiZTI1NTEzMjBkZTkwYzdkOTp7ImNhcnQiOnt9fQ==', '2019-09-10 15:52:32.672237'),
('v3x9qjxsn0wrb6pbqon8vgx76oiv0whk', 'NGE0ZDdiNWU5N2VkYTk0M2EzMDM3MzNiZTI1NTEzMjBkZTkwYzdkOTp7ImNhcnQiOnt9fQ==', '2019-09-17 11:48:03.225850'),
('v4c0gytkr7a9ydz7xce4bbnygrdq4ude', 'NGE0ZDdiNWU5N2VkYTk0M2EzMDM3MzNiZTI1NTEzMjBkZTkwYzdkOTp7ImNhcnQiOnt9fQ==', '2019-09-17 06:18:46.292787'),
('v601e5flzem9il6fbjg8nrql8ymkmou2', 'NGE0ZDdiNWU5N2VkYTk0M2EzMDM3MzNiZTI1NTEzMjBkZTkwYzdkOTp7ImNhcnQiOnt9fQ==', '2019-09-21 00:47:00.780554'),
('v6j3qvap7tnrspfe93o1i59q4bqbfh54', 'NGE0ZDdiNWU5N2VkYTk0M2EzMDM3MzNiZTI1NTEzMjBkZTkwYzdkOTp7ImNhcnQiOnt9fQ==', '2019-09-08 19:44:40.701396'),
('v6j4eeu3bg159mrpsoz7tpji18oceui8', 'NGE0ZDdiNWU5N2VkYTk0M2EzMDM3MzNiZTI1NTEzMjBkZTkwYzdkOTp7ImNhcnQiOnt9fQ==', '2019-09-21 06:21:02.035246'),
('vaf8btycdjj7jtzal924unzyhphufdeu', 'NGE0ZDdiNWU5N2VkYTk0M2EzMDM3MzNiZTI1NTEzMjBkZTkwYzdkOTp7ImNhcnQiOnt9fQ==', '2019-09-14 16:45:26.158803'),
('vb1fecilihdrb6tgs275lua6cxduclbq', 'NGE0ZDdiNWU5N2VkYTk0M2EzMDM3MzNiZTI1NTEzMjBkZTkwYzdkOTp7ImNhcnQiOnt9fQ==', '2019-09-04 22:55:07.604735'),
('vbft5msskwm0350xah6xqlmj9orj9hp9', 'NGE0ZDdiNWU5N2VkYTk0M2EzMDM3MzNiZTI1NTEzMjBkZTkwYzdkOTp7ImNhcnQiOnt9fQ==', '2019-09-14 21:18:01.836412'),
('vc4i3l2m26xa1r47azt5hm1wf49ll223', 'NGE0ZDdiNWU5N2VkYTk0M2EzMDM3MzNiZTI1NTEzMjBkZTkwYzdkOTp7ImNhcnQiOnt9fQ==', '2019-09-04 18:14:42.123033'),
('ve5s20892nxjhha1z1hsharkfnrm2l8x', 'NGE0ZDdiNWU5N2VkYTk0M2EzMDM3MzNiZTI1NTEzMjBkZTkwYzdkOTp7ImNhcnQiOnt9fQ==', '2019-09-14 21:06:47.389195'),
('vex897z1nej70z6zqps1hqae2oq6cqqb', 'NGE0ZDdiNWU5N2VkYTk0M2EzMDM3MzNiZTI1NTEzMjBkZTkwYzdkOTp7ImNhcnQiOnt9fQ==', '2019-09-03 14:47:11.835876'),
('vh44ypnl3nufjq15cp2eyztfg2hiy40u', 'NGE0ZDdiNWU5N2VkYTk0M2EzMDM3MzNiZTI1NTEzMjBkZTkwYzdkOTp7ImNhcnQiOnt9fQ==', '2019-09-18 23:54:17.429295'),
('viwtyn6qceavphtprpeere5muzkgo0sm', 'NGE0ZDdiNWU5N2VkYTk0M2EzMDM3MzNiZTI1NTEzMjBkZTkwYzdkOTp7ImNhcnQiOnt9fQ==', '2019-09-20 15:54:48.928715'),
('vl2vxbokixaswblnv6o5wwg0kgz0hoye', 'NGE0ZDdiNWU5N2VkYTk0M2EzMDM3MzNiZTI1NTEzMjBkZTkwYzdkOTp7ImNhcnQiOnt9fQ==', '2019-09-25 05:22:02.806297'),
('vl859ro2vqfdvtqaf6mcpxyjpgrd6wyk', 'NGE0ZDdiNWU5N2VkYTk0M2EzMDM3MzNiZTI1NTEzMjBkZTkwYzdkOTp7ImNhcnQiOnt9fQ==', '2019-09-26 03:48:34.634871'),
('vn7rodpk86rsv9nxhewrwkixfkqevvov', 'NGE0ZDdiNWU5N2VkYTk0M2EzMDM3MzNiZTI1NTEzMjBkZTkwYzdkOTp7ImNhcnQiOnt9fQ==', '2019-09-11 22:49:28.523149'),
('voheupb5y873e5i7jle17pmzi657zubm', 'NGE0ZDdiNWU5N2VkYTk0M2EzMDM3MzNiZTI1NTEzMjBkZTkwYzdkOTp7ImNhcnQiOnt9fQ==', '2019-09-01 14:23:37.536868'),
('vpr2eopgq3lop88b4l1w4uq95sdeajxk', 'NGE0ZDdiNWU5N2VkYTk0M2EzMDM3MzNiZTI1NTEzMjBkZTkwYzdkOTp7ImNhcnQiOnt9fQ==', '2019-09-21 20:21:01.956903'),
('vr0poa53glfmo5jv74wl6kvx95zs7xcp', 'NGE0ZDdiNWU5N2VkYTk0M2EzMDM3MzNiZTI1NTEzMjBkZTkwYzdkOTp7ImNhcnQiOnt9fQ==', '2019-09-08 18:29:29.553136'),
('vsxz7a9ckuddl3vlalhmvxn61lr7d2h8', 'NGE0ZDdiNWU5N2VkYTk0M2EzMDM3MzNiZTI1NTEzMjBkZTkwYzdkOTp7ImNhcnQiOnt9fQ==', '2019-09-25 04:26:59.915814'),
('vtlvu6o766svr44qb0dz5omucfnkzbmt', 'NGE0ZDdiNWU5N2VkYTk0M2EzMDM3MzNiZTI1NTEzMjBkZTkwYzdkOTp7ImNhcnQiOnt9fQ==', '2019-09-18 18:07:31.616699'),
('vvz8bshanzu6flnl94h99vvh807a7ivt', 'NGE0ZDdiNWU5N2VkYTk0M2EzMDM3MzNiZTI1NTEzMjBkZTkwYzdkOTp7ImNhcnQiOnt9fQ==', '2019-09-04 15:12:25.055149'),
('vx7nk26wjm2leavhn2bh1cki5zqtxydr', 'NGE0ZDdiNWU5N2VkYTk0M2EzMDM3MzNiZTI1NTEzMjBkZTkwYzdkOTp7ImNhcnQiOnt9fQ==', '2019-09-10 15:52:33.837579'),
('vypd250he5xamdi6btf9kcw9y0qpucfy', 'NGE0ZDdiNWU5N2VkYTk0M2EzMDM3MzNiZTI1NTEzMjBkZTkwYzdkOTp7ImNhcnQiOnt9fQ==', '2019-09-16 16:04:20.418710'),
('vz56eyrsibaq4k9396097fm6bm5dq7ms', 'NGE0ZDdiNWU5N2VkYTk0M2EzMDM3MzNiZTI1NTEzMjBkZTkwYzdkOTp7ImNhcnQiOnt9fQ==', '2019-09-16 14:14:21.021469'),
('w4d4xh0x9wyo0w6er5bfbp94bzhsj7lp', 'NGE0ZDdiNWU5N2VkYTk0M2EzMDM3MzNiZTI1NTEzMjBkZTkwYzdkOTp7ImNhcnQiOnt9fQ==', '2019-09-01 09:25:34.820404'),
('w4sp9qomtt1z6s8c0hg55mr6ip740bap', 'NGE0ZDdiNWU5N2VkYTk0M2EzMDM3MzNiZTI1NTEzMjBkZTkwYzdkOTp7ImNhcnQiOnt9fQ==', '2019-09-20 10:19:35.850968'),
('w6pey44mg6bb7ts9kukfd4zx5fqswvg6', 'NGE0ZDdiNWU5N2VkYTk0M2EzMDM3MzNiZTI1NTEzMjBkZTkwYzdkOTp7ImNhcnQiOnt9fQ==', '2019-09-17 00:16:27.593011'),
('w8zzqzta9x012agavu43r99dghza8oyu', 'NGE0ZDdiNWU5N2VkYTk0M2EzMDM3MzNiZTI1NTEzMjBkZTkwYzdkOTp7ImNhcnQiOnt9fQ==', '2019-09-10 16:04:25.096379'),
('w9pqzem40ltz30byiutpj10ou89tez7k', 'NGE0ZDdiNWU5N2VkYTk0M2EzMDM3MzNiZTI1NTEzMjBkZTkwYzdkOTp7ImNhcnQiOnt9fQ==', '2019-09-16 16:31:54.251793'),
('wa38ehzrptpfator45ctnoicfauyojj2', 'NGE0ZDdiNWU5N2VkYTk0M2EzMDM3MzNiZTI1NTEzMjBkZTkwYzdkOTp7ImNhcnQiOnt9fQ==', '2019-09-13 15:06:39.981786'),
('wav1jwvkj60drs5pogibi3sxvdlt891j', 'NGE0ZDdiNWU5N2VkYTk0M2EzMDM3MzNiZTI1NTEzMjBkZTkwYzdkOTp7ImNhcnQiOnt9fQ==', '2019-09-04 06:48:31.221420'),
('wddxsw4qxf066avt6fox1ot1t8ccv8r8', 'NGE0ZDdiNWU5N2VkYTk0M2EzMDM3MzNiZTI1NTEzMjBkZTkwYzdkOTp7ImNhcnQiOnt9fQ==', '2019-09-12 12:47:45.944378'),
('wdmm4fi69jr7nrks3i6gx21qxcfeezxs', 'NGE0ZDdiNWU5N2VkYTk0M2EzMDM3MzNiZTI1NTEzMjBkZTkwYzdkOTp7ImNhcnQiOnt9fQ==', '2019-09-03 00:03:03.737539'),
('wg4savwa79no0n9p4kcvmpgokjz98hsa', 'NGE0ZDdiNWU5N2VkYTk0M2EzMDM3MzNiZTI1NTEzMjBkZTkwYzdkOTp7ImNhcnQiOnt9fQ==', '2019-09-13 18:05:54.835270'),
('wgwwk56hjzksv5fcfshuvn2e1kkmieea', 'NGE0ZDdiNWU5N2VkYTk0M2EzMDM3MzNiZTI1NTEzMjBkZTkwYzdkOTp7ImNhcnQiOnt9fQ==', '2019-09-02 09:28:24.851626'),
('wjhjjsz0hmqtv09a0j7siquap1h12dir', 'NGE0ZDdiNWU5N2VkYTk0M2EzMDM3MzNiZTI1NTEzMjBkZTkwYzdkOTp7ImNhcnQiOnt9fQ==', '2019-09-05 06:50:46.275027'),
('wo0au5yp4t53awkjoqgf6uf0uglwrmms', 'NGE0ZDdiNWU5N2VkYTk0M2EzMDM3MzNiZTI1NTEzMjBkZTkwYzdkOTp7ImNhcnQiOnt9fQ==', '2019-09-01 18:13:17.140179'),
('wp2gq7abkvy77o7e1x2zlct7dko5wd5u', 'NGE0ZDdiNWU5N2VkYTk0M2EzMDM3MzNiZTI1NTEzMjBkZTkwYzdkOTp7ImNhcnQiOnt9fQ==', '2019-09-04 01:50:09.218298'),
('wq9d1lxj4sxiilxo7fdfus6ycyh4u5dq', 'NGE0ZDdiNWU5N2VkYTk0M2EzMDM3MzNiZTI1NTEzMjBkZTkwYzdkOTp7ImNhcnQiOnt9fQ==', '2019-09-17 23:19:47.293453'),
('wqct33r0m02i08muntkcvzie8bhifru4', 'NGE0ZDdiNWU5N2VkYTk0M2EzMDM3MzNiZTI1NTEzMjBkZTkwYzdkOTp7ImNhcnQiOnt9fQ==', '2019-09-20 06:50:50.601787'),
('wqdr03r1esn9gbmh6yoxe9bvcmjqpevg', 'NGE0ZDdiNWU5N2VkYTk0M2EzMDM3MzNiZTI1NTEzMjBkZTkwYzdkOTp7ImNhcnQiOnt9fQ==', '2019-09-10 05:30:39.098378'),
('ws0i8ksm8x0jdq3yoksznf0akv12cgic', 'NGE0ZDdiNWU5N2VkYTk0M2EzMDM3MzNiZTI1NTEzMjBkZTkwYzdkOTp7ImNhcnQiOnt9fQ==', '2019-09-13 06:40:59.109048'),
('ws735ahrr32xn7hyz0hnpg52tu46ihzi', 'NGE0ZDdiNWU5N2VkYTk0M2EzMDM3MzNiZTI1NTEzMjBkZTkwYzdkOTp7ImNhcnQiOnt9fQ==', '2019-09-21 05:31:02.188563'),
('wtnvv5vs7x412gcqy1rguy2t5vme3wm2', 'NGE0ZDdiNWU5N2VkYTk0M2EzMDM3MzNiZTI1NTEzMjBkZTkwYzdkOTp7ImNhcnQiOnt9fQ==', '2019-09-02 23:41:42.603384'),
('wuscx7rjc0sqk4ay8vb02669w55ywxb6', 'NGE0ZDdiNWU5N2VkYTk0M2EzMDM3MzNiZTI1NTEzMjBkZTkwYzdkOTp7ImNhcnQiOnt9fQ==', '2019-09-26 09:54:16.399174'),
('wvm3ad3mnuv30hpj208d9wawdwn2pkm1', 'NGE0ZDdiNWU5N2VkYTk0M2EzMDM3MzNiZTI1NTEzMjBkZTkwYzdkOTp7ImNhcnQiOnt9fQ==', '2019-09-02 21:00:23.659851'),
('x23u9s0hgbzzdxnh7ir12gmchyb9qk5p', 'NGE0ZDdiNWU5N2VkYTk0M2EzMDM3MzNiZTI1NTEzMjBkZTkwYzdkOTp7ImNhcnQiOnt9fQ==', '2019-09-11 07:44:47.860084'),
('x3l99i8605bote2gobona3f1xw1npxkx', 'NGE0ZDdiNWU5N2VkYTk0M2EzMDM3MzNiZTI1NTEzMjBkZTkwYzdkOTp7ImNhcnQiOnt9fQ==', '2019-09-22 09:55:52.872733'),
('x41vnb4fo1o296mqoae94ya24nxbnmgx', 'NGE0ZDdiNWU5N2VkYTk0M2EzMDM3MzNiZTI1NTEzMjBkZTkwYzdkOTp7ImNhcnQiOnt9fQ==', '2019-09-03 21:11:41.285809'),
('x5cz0xg7mgmqd3jeepholjchoeyli0lb', 'NGE0ZDdiNWU5N2VkYTk0M2EzMDM3MzNiZTI1NTEzMjBkZTkwYzdkOTp7ImNhcnQiOnt9fQ==', '2019-09-16 22:31:58.648797'),
('x6dy2ep6zq9ytwy5hjzv1fvl52mzmgyb', 'NGE0ZDdiNWU5N2VkYTk0M2EzMDM3MzNiZTI1NTEzMjBkZTkwYzdkOTp7ImNhcnQiOnt9fQ==', '2019-09-20 06:52:35.626987'),
('x7gw54xenmk88l3emho0tz57g8auxcd9', 'ODYyYjRlN2VkNjY1MTZmZGYxZWJlYzg5Y2ZmZGNkYTUxY2M5MmVjOTp7ImNhcnQiOnt9LCJmb3JtX2RhdGEiOnsiY3NyZm1pZGRsZXdhcmV0b2tlbiI6IkFWUmhsVVVmMGpEUGZvbTdsdmJHZld2T3lDUDJ3OWxKUTBtSE1CdXR2MTg4aU9xNWFxaFNpWHpwTGxoVXdBR0ciLCJlbWFpbCI6InBhdHdhcmlhYmhpQGdtYWlsLmNvbSIsInBhc3N3b3JkIjoiOTc2NjEyNDY0OSJ9fQ==', '2019-09-10 15:11:31.410017'),
('x9obfpc975ft27ykdyyc01ofow7kwjp8', 'NGE0ZDdiNWU5N2VkYTk0M2EzMDM3MzNiZTI1NTEzMjBkZTkwYzdkOTp7ImNhcnQiOnt9fQ==', '2019-09-10 21:49:57.156876'),
('xbwbb099qjifkmby3b9w4cqoom8mjxm8', 'NGE0ZDdiNWU5N2VkYTk0M2EzMDM3MzNiZTI1NTEzMjBkZTkwYzdkOTp7ImNhcnQiOnt9fQ==', '2019-09-22 22:32:47.233494'),
('xdj0pv7uvnf1d7bfo11mt6dj1hkzdsva', 'NGE0ZDdiNWU5N2VkYTk0M2EzMDM3MzNiZTI1NTEzMjBkZTkwYzdkOTp7ImNhcnQiOnt9fQ==', '2019-09-25 18:06:27.134248'),
('xduhmi4cclc6ztenl2k1habsb2ut78e6', 'NGE0ZDdiNWU5N2VkYTk0M2EzMDM3MzNiZTI1NTEzMjBkZTkwYzdkOTp7ImNhcnQiOnt9fQ==', '2019-09-22 12:44:49.514381'),
('xflrvv2outsgmke0fnv7fkwtrvyhtxr9', 'NGE0ZDdiNWU5N2VkYTk0M2EzMDM3MzNiZTI1NTEzMjBkZTkwYzdkOTp7ImNhcnQiOnt9fQ==', '2019-09-16 22:31:55.677229'),
('xj9kpm48p1zhjciph91lwu837jxp6b8g', 'NGE0ZDdiNWU5N2VkYTk0M2EzMDM3MzNiZTI1NTEzMjBkZTkwYzdkOTp7ImNhcnQiOnt9fQ==', '2019-09-21 10:19:15.251743'),
('xk16xpbjypiyb3ay7n6yp5mhrou3tovx', 'NGE0ZDdiNWU5N2VkYTk0M2EzMDM3MzNiZTI1NTEzMjBkZTkwYzdkOTp7ImNhcnQiOnt9fQ==', '2019-09-02 00:49:50.350662'),
('xkf7ikb6o7glhbu72panibhxk84zkuga', 'NGE0ZDdiNWU5N2VkYTk0M2EzMDM3MzNiZTI1NTEzMjBkZTkwYzdkOTp7ImNhcnQiOnt9fQ==', '2019-09-13 09:13:00.869302'),
('xkz02ke5zlbv1s4007n5yywblepniuu9', 'NGE0ZDdiNWU5N2VkYTk0M2EzMDM3MzNiZTI1NTEzMjBkZTkwYzdkOTp7ImNhcnQiOnt9fQ==', '2019-09-16 20:00:42.406489'),
('xpg3cc2qqoy6m5m516gqixjsxub8efqo', 'NGE0ZDdiNWU5N2VkYTk0M2EzMDM3MzNiZTI1NTEzMjBkZTkwYzdkOTp7ImNhcnQiOnt9fQ==', '2019-09-24 03:21:28.365020'),
('xr9m9uv7otj8agk4ixxwqpeln4rmin1k', 'NGE0ZDdiNWU5N2VkYTk0M2EzMDM3MzNiZTI1NTEzMjBkZTkwYzdkOTp7ImNhcnQiOnt9fQ==', '2019-09-01 11:16:26.422805'),
('xrc246j6y8yy5zgug3aizjkrjaj0l635', 'NGE0ZDdiNWU5N2VkYTk0M2EzMDM3MzNiZTI1NTEzMjBkZTkwYzdkOTp7ImNhcnQiOnt9fQ==', '2019-09-19 06:15:08.708184'),
('xsz65k80w1fu24x3gc6p8u8wq6cqovwt', 'NGE0ZDdiNWU5N2VkYTk0M2EzMDM3MzNiZTI1NTEzMjBkZTkwYzdkOTp7ImNhcnQiOnt9fQ==', '2019-09-22 19:11:16.068170'),
('xtqh2xz5zcm63uu5xf7wyq4lddndq76p', 'NGE0ZDdiNWU5N2VkYTk0M2EzMDM3MzNiZTI1NTEzMjBkZTkwYzdkOTp7ImNhcnQiOnt9fQ==', '2019-09-22 08:55:38.873915'),
('xuho7d0jzj0ovvvtgrvu46i1ac0vbpqa', 'NGE0ZDdiNWU5N2VkYTk0M2EzMDM3MzNiZTI1NTEzMjBkZTkwYzdkOTp7ImNhcnQiOnt9fQ==', '2019-09-11 18:05:04.761038'),
('xun92vpabo52j2yoqjubwfi6iaqaw301', 'NGE0ZDdiNWU5N2VkYTk0M2EzMDM3MzNiZTI1NTEzMjBkZTkwYzdkOTp7ImNhcnQiOnt9fQ==', '2019-09-14 02:02:24.810761'),
('xvcuyua3knwrr6d8ijs0la48zq27ihk2', 'NGE0ZDdiNWU5N2VkYTk0M2EzMDM3MzNiZTI1NTEzMjBkZTkwYzdkOTp7ImNhcnQiOnt9fQ==', '2019-09-03 13:29:35.531915'),
('xwrsw28n82hzacqrnggydjckco7fbenl', 'NGE0ZDdiNWU5N2VkYTk0M2EzMDM3MzNiZTI1NTEzMjBkZTkwYzdkOTp7ImNhcnQiOnt9fQ==', '2019-09-24 09:59:22.919358'),
('xy3t8f6x8sxb7egvcmrlpjf3kyhkid79', 'NGE0ZDdiNWU5N2VkYTk0M2EzMDM3MzNiZTI1NTEzMjBkZTkwYzdkOTp7ImNhcnQiOnt9fQ==', '2019-09-16 22:31:56.634753'),
('xy7mxt587rnd3gle8gp65yckjga2vr3o', 'NGE0ZDdiNWU5N2VkYTk0M2EzMDM3MzNiZTI1NTEzMjBkZTkwYzdkOTp7ImNhcnQiOnt9fQ==', '2019-09-14 15:06:31.849166'),
('y1w75l83g8z73rrg4nvigppw5l75prcm', 'NGE0ZDdiNWU5N2VkYTk0M2EzMDM3MzNiZTI1NTEzMjBkZTkwYzdkOTp7ImNhcnQiOnt9fQ==', '2019-09-20 17:35:43.073951'),
('y3qzoblkoxzrm5wrwcc57g9mxpquveox', 'NGE0ZDdiNWU5N2VkYTk0M2EzMDM3MzNiZTI1NTEzMjBkZTkwYzdkOTp7ImNhcnQiOnt9fQ==', '2019-09-12 22:04:42.177166'),
('y5587np8qqz4qkhksw017sj0rg3faud6', 'NGE0ZDdiNWU5N2VkYTk0M2EzMDM3MzNiZTI1NTEzMjBkZTkwYzdkOTp7ImNhcnQiOnt9fQ==', '2019-08-25 10:28:55.301579'),
('y58z4vkq0lrebe89sodgqvx056h0kctc', 'NGE0ZDdiNWU5N2VkYTk0M2EzMDM3MzNiZTI1NTEzMjBkZTkwYzdkOTp7ImNhcnQiOnt9fQ==', '2019-09-23 21:57:59.300446'),
('y5fjwtut38vouz2idap6chek9qqrjygw', 'NGE0ZDdiNWU5N2VkYTk0M2EzMDM3MzNiZTI1NTEzMjBkZTkwYzdkOTp7ImNhcnQiOnt9fQ==', '2019-09-01 16:12:56.499096'),
('y6fu5gfkgtztiwnkmxxz1wk6ovk2kshw', 'NGE0ZDdiNWU5N2VkYTk0M2EzMDM3MzNiZTI1NTEzMjBkZTkwYzdkOTp7ImNhcnQiOnt9fQ==', '2019-09-15 05:10:26.468204'),
('ydy431lavlgnsrkqortqz4coxk392z7h', 'NGE0ZDdiNWU5N2VkYTk0M2EzMDM3MzNiZTI1NTEzMjBkZTkwYzdkOTp7ImNhcnQiOnt9fQ==', '2019-09-24 21:59:56.514469'),
('yphpe692qf044baq9y2igdey9or9h4a6', 'NGE0ZDdiNWU5N2VkYTk0M2EzMDM3MzNiZTI1NTEzMjBkZTkwYzdkOTp7ImNhcnQiOnt9fQ==', '2019-09-09 12:41:56.733929'),
('yqeai23oz0pfzaa3m4c0wcooiys2p0xc', 'NGE0ZDdiNWU5N2VkYTk0M2EzMDM3MzNiZTI1NTEzMjBkZTkwYzdkOTp7ImNhcnQiOnt9fQ==', '2019-09-15 23:28:11.466502'),
('ysdr9fco0kve4yw7288n7wg0h99ew85s', 'NGE0ZDdiNWU5N2VkYTk0M2EzMDM3MzNiZTI1NTEzMjBkZTkwYzdkOTp7ImNhcnQiOnt9fQ==', '2019-09-21 00:04:35.968420'),
('ysh5syq8z6g0rmu6vgcrmpgdyx8udzma', 'NGE0ZDdiNWU5N2VkYTk0M2EzMDM3MzNiZTI1NTEzMjBkZTkwYzdkOTp7ImNhcnQiOnt9fQ==', '2019-09-03 23:46:43.642223'),
('yx7soi0ijfsi3t6lopy7jwlr0d5g7ka8', 'NGE0ZDdiNWU5N2VkYTk0M2EzMDM3MzNiZTI1NTEzMjBkZTkwYzdkOTp7ImNhcnQiOnt9fQ==', '2019-09-09 12:42:35.823690'),
('z2x3o87hvpo6pl2a9p77wir4pbbjnb80', 'NGE0ZDdiNWU5N2VkYTk0M2EzMDM3MzNiZTI1NTEzMjBkZTkwYzdkOTp7ImNhcnQiOnt9fQ==', '2019-09-18 10:46:54.136221'),
('z3rmf5m112k70gvqz93utm599i3colh7', 'NGE0ZDdiNWU5N2VkYTk0M2EzMDM3MzNiZTI1NTEzMjBkZTkwYzdkOTp7ImNhcnQiOnt9fQ==', '2019-09-21 07:35:40.865159'),
('z4lqn5d2qiupuapxrj6d87z610j7qbjh', 'NGE0ZDdiNWU5N2VkYTk0M2EzMDM3MzNiZTI1NTEzMjBkZTkwYzdkOTp7ImNhcnQiOnt9fQ==', '2019-09-16 16:36:34.151519'),
('z7mz47nlp2d4cmifjrek7taa2z1gi5jy', 'NGE0ZDdiNWU5N2VkYTk0M2EzMDM3MzNiZTI1NTEzMjBkZTkwYzdkOTp7ImNhcnQiOnt9fQ==', '2019-09-24 13:06:44.210567'),
('z7paxlusv72jhynr4lrzfbs3lqr12upj', 'NGE0ZDdiNWU5N2VkYTk0M2EzMDM3MzNiZTI1NTEzMjBkZTkwYzdkOTp7ImNhcnQiOnt9fQ==', '2019-09-24 12:26:20.818276'),
('z92jf0oi3hrglf2763ryhgtn3uhc8z4f', 'NGE0ZDdiNWU5N2VkYTk0M2EzMDM3MzNiZTI1NTEzMjBkZTkwYzdkOTp7ImNhcnQiOnt9fQ==', '2019-09-16 11:03:19.565593'),
('zhixrcxiabz9i2d35yfgwthdfmr5t5lt', 'NGE0ZDdiNWU5N2VkYTk0M2EzMDM3MzNiZTI1NTEzMjBkZTkwYzdkOTp7ImNhcnQiOnt9fQ==', '2019-09-25 22:23:21.777760'),
('zlg8ixh1kat1uj4y1sllnkrc9t4tgqcm', 'NGE0ZDdiNWU5N2VkYTk0M2EzMDM3MzNiZTI1NTEzMjBkZTkwYzdkOTp7ImNhcnQiOnt9fQ==', '2019-09-17 19:05:04.806504'),
('zmcrzqpxsxjy6jjjk3glpdflvdo3tcyr', 'NGE0ZDdiNWU5N2VkYTk0M2EzMDM3MzNiZTI1NTEzMjBkZTkwYzdkOTp7ImNhcnQiOnt9fQ==', '2019-09-04 04:04:05.728658'),
('zmikvcgby7g3j1mme5y694lkm33gbnn0', 'NGE0ZDdiNWU5N2VkYTk0M2EzMDM3MzNiZTI1NTEzMjBkZTkwYzdkOTp7ImNhcnQiOnt9fQ==', '2019-09-23 16:56:31.940380'),
('zn4r2b81onsekf93u033iulkqnrcvdli', 'NGE0ZDdiNWU5N2VkYTk0M2EzMDM3MzNiZTI1NTEzMjBkZTkwYzdkOTp7ImNhcnQiOnt9fQ==', '2019-09-21 17:49:16.233927'),
('zqsdirxyp53nc0qimsb3era2gujoii3i', 'NGE0ZDdiNWU5N2VkYTk0M2EzMDM3MzNiZTI1NTEzMjBkZTkwYzdkOTp7ImNhcnQiOnt9fQ==', '2019-09-20 04:45:04.857867'),
('zs1mtorgmw5hfpjbzq01ecgkqit11w5m', 'NGE0ZDdiNWU5N2VkYTk0M2EzMDM3MzNiZTI1NTEzMjBkZTkwYzdkOTp7ImNhcnQiOnt9fQ==', '2019-09-19 22:55:07.834680'),
('zsa898dd2benqhggstew2sdb8k3zwcms', 'NGE0ZDdiNWU5N2VkYTk0M2EzMDM3MzNiZTI1NTEzMjBkZTkwYzdkOTp7ImNhcnQiOnt9fQ==', '2019-08-25 10:55:39.272340'),
('zsgvpswzg615ivbvcaynijndb5t5y6t1', 'NGE0ZDdiNWU5N2VkYTk0M2EzMDM3MzNiZTI1NTEzMjBkZTkwYzdkOTp7ImNhcnQiOnt9fQ==', '2019-09-04 11:36:56.333924'),
('zsh9conzfb2i0k40i7pua2839s6tozw2', 'NGE0ZDdiNWU5N2VkYTk0M2EzMDM3MzNiZTI1NTEzMjBkZTkwYzdkOTp7ImNhcnQiOnt9fQ==', '2019-09-21 06:50:36.783625'),
('zswn3aqpebi3kilge5fxfu10731rgco7', 'NGE0ZDdiNWU5N2VkYTk0M2EzMDM3MzNiZTI1NTEzMjBkZTkwYzdkOTp7ImNhcnQiOnt9fQ==', '2019-09-20 03:50:34.943346'),
('zu0dmcwwde4fqy0davbcexk4hsl08wul', 'NGE0ZDdiNWU5N2VkYTk0M2EzMDM3MzNiZTI1NTEzMjBkZTkwYzdkOTp7ImNhcnQiOnt9fQ==', '2019-09-21 09:27:22.283914'),
('zvgkghy7kxbjgjp3rf3ecgw2unipf2md', 'NGE0ZDdiNWU5N2VkYTk0M2EzMDM3MzNiZTI1NTEzMjBkZTkwYzdkOTp7ImNhcnQiOnt9fQ==', '2019-09-03 03:40:41.300253'),
('zy1sn74wklvgn1jhac16jbkf0ezvt52s', 'NGE0ZDdiNWU5N2VkYTk0M2EzMDM3MzNiZTI1NTEzMjBkZTkwYzdkOTp7ImNhcnQiOnt9fQ==', '2019-09-04 13:03:21.160702'),
('zyn0321pcl6prv8vv48z30q59c9dkwth', 'NGE0ZDdiNWU5N2VkYTk0M2EzMDM3MzNiZTI1NTEzMjBkZTkwYzdkOTp7ImNhcnQiOnt9fQ==', '2019-09-13 17:41:16.980859'),
('zyz30rav4kychxo7d8u7nwugwrmkqmd0', 'NGE0ZDdiNWU5N2VkYTk0M2EzMDM3MzNiZTI1NTEzMjBkZTkwYzdkOTp7ImNhcnQiOnt9fQ==', '2019-09-25 13:58:46.435680');

-- --------------------------------------------------------

--
-- Table structure for table `entry`
--

CREATE TABLE `entry` (
  `id` int(11) NOT NULL,
  `product` int(11) DEFAULT NULL,
  `cart` int(11) DEFAULT NULL,
  `quantity` int(11) DEFAULT NULL,
  `rate` varchar(50) DEFAULT NULL,
  `tax` varchar(50) DEFAULT NULL
) ENGINE=InnoDB DEFAULT CHARSET=latin1;

-- --------------------------------------------------------

--
-- Table structure for table `orders`
--

CREATE TABLE `orders` (
  `order_code` int(11) NOT NULL,
  `user` int(11) DEFAULT NULL,
  `payment_mode` int(11) DEFAULT NULL,
  `is_delivered` tinyint(1) DEFAULT NULL,
  `created_at` timestamp NULL DEFAULT CURRENT_TIMESTAMP,
  `order_date` datetime DEFAULT CURRENT_TIMESTAMP,
  `delivered_date` datetime DEFAULT NULL,
  `tax` int(11) DEFAULT NULL,
  `total_price` varchar(200) DEFAULT NULL,
  `payment_status` varchar(200) DEFAULT NULL,
  `ordered_address` int(11) DEFAULT NULL
) ENGINE=InnoDB DEFAULT CHARSET=latin1;

--
-- Dumping data for table `orders`
--

INSERT INTO `orders` (`order_code`, `user`, `payment_mode`, `is_delivered`, `created_at`, `order_date`, `delivered_date`, `tax`, `total_price`, `payment_status`, `ordered_address`) VALUES
(15, 17, 1, 1, NULL, NULL, NULL, NULL, '0', NULL, 13),
(16, 17, 1, 1, NULL, NULL, NULL, NULL, '0', NULL, 13),
(17, 17, 1, 1, NULL, NULL, NULL, NULL, '0', NULL, 13),
(18, 17, 1, 1, NULL, NULL, NULL, NULL, '0', NULL, 13),
(19, 17, 1, 1, NULL, NULL, NULL, NULL, '0', NULL, 14),
(20, 17, 1, 1, NULL, NULL, NULL, NULL, '0', NULL, 14),
(21, 17, 1, 1, NULL, NULL, NULL, NULL, '0', NULL, 14),
(22, 17, 1, 1, NULL, NULL, NULL, NULL, '0', NULL, 14),
(23, 17, 1, 1, NULL, NULL, NULL, NULL, '120', NULL, 14),
(24, 21, 1, 1, NULL, NULL, NULL, NULL, '250.00', NULL, 17),
(25, 25, 1, 1, NULL, NULL, NULL, NULL, '50.00', NULL, 18),
(26, 25, 1, 1, NULL, NULL, NULL, NULL, '50', NULL, 18);

-- --------------------------------------------------------

--
-- Table structure for table `orders_items`
--

CREATE TABLE `orders_items` (
  `id` int(11) NOT NULL,
  `orders` int(11) NOT NULL,
  `product` int(11) NOT NULL,
  `quantity` int(11) DEFAULT NULL,
  `price` varchar(100) DEFAULT NULL
) ENGINE=InnoDB DEFAULT CHARSET=latin1;

--
-- Dumping data for table `orders_items`
--

INSERT INTO `orders_items` (`id`, `orders`, `product`, `quantity`, `price`) VALUES
(3, 24, 55, 1, '100'),
(4, 24, 86, 1, '100'),
(5, 24, 47, 1, '50.00'),
(6, 25, 47, 1, '50.00'),
(7, 26, 48, 1, '50');

-- --------------------------------------------------------

--
-- Table structure for table `payment`
--

CREATE TABLE `payment` (
  `id` int(11) NOT NULL,
  `name` varchar(200) DEFAULT NULL,
  `created_at` timestamp NULL DEFAULT CURRENT_TIMESTAMP
) ENGINE=InnoDB DEFAULT CHARSET=latin1;

--
-- Dumping data for table `payment`
--

INSERT INTO `payment` (`id`, `name`, `created_at`) VALUES
(1, 'COD', '2019-06-02 02:56:16');

-- --------------------------------------------------------

--
-- Table structure for table `payment_and_order`
--

CREATE TABLE `payment_and_order` (
  `id` int(11) NOT NULL,
  `orders` int(11) DEFAULT NULL,
  `total_amount` varchar(200) DEFAULT NULL,
  `payment_status` tinyint(1) DEFAULT NULL,
  `paid_amount` varchar(200) DEFAULT NULL,
  `remaining_amount` varchar(200) DEFAULT NULL
) ENGINE=InnoDB DEFAULT CHARSET=latin1;

-- --------------------------------------------------------

--
-- Table structure for table `product`
--

CREATE TABLE `product` (
  `id` int(11) NOT NULL,
  `category` int(11) DEFAULT NULL,
  `name` varchar(200) DEFAULT NULL,
  `opening_stock` int(11) DEFAULT NULL,
  `available_stock` int(11) DEFAULT NULL,
  `sale_stock` int(11) DEFAULT NULL,
  `tax` int(11) DEFAULT NULL,
  `price` varchar(500) DEFAULT NULL,
  `unit` varchar(100) DEFAULT NULL,
  `weight` varchar(100) DEFAULT NULL,
  `branch` int(11) DEFAULT NULL,
  `i_top` varchar(100) DEFAULT NULL,
  `i_left` varchar(200) DEFAULT NULL,
  `i_right` varchar(200) DEFAULT NULL,
  `i_bottom` varchar(500) DEFAULT NULL,
  `description` varchar(1000) DEFAULT NULL
) ENGINE=InnoDB DEFAULT CHARSET=latin1;

--
-- Dumping data for table `product`
--

INSERT INTO `product` (`id`, `category`, `name`, `opening_stock`, `available_stock`, `sale_stock`, `tax`, `price`, `unit`, `weight`, `branch`, `i_top`, `i_left`, `i_right`, `i_bottom`, `description`) VALUES
(47, 17, 'Pakodam', 50, 50, 50, 2, '50.00', '1', '200gms', 5, '', 'product/IMG_20190821_131029.jpg', 'product/IMG_20190821_131029_mUOOSVF.jpg', '', ''),
(48, 17, 'Papadam', 50, 50, 50, 2, '50', '1', '200', 5, '', 'product/IMG-20190818-WA0024.jpg', 'product/IMG-20190818-WA0024_O4MoWaa.jpg', '', ''),
(50, 17, 'Coconut Milk', 50, 50, 50, 2, '100', '1', '200', 5, '', 'product/IMG-20190818-WA0026.jpg', 'product/IMG-20190818-WA0026_Q8oXhi2.jpg', '', ''),
(51, 17, 'Dosa Batter', 50, 50, 50, 2, '100', '1', '200', 5, '', 'product/IMG-20190818-WA0027.jpg', 'product/IMG-20190818-WA0027_0lNwwiS.jpg', '', ''),
(55, 13, 'Aachi fish curry masala', 50, 50, 50, 2, '100', '1', '200', 5, '', 'product/ACHI_FISH_CURRY_MASALA_C5jOZbY.JPG', 'product/ACHI_FISH_CURREY_MASALA_V3hgLkJ.JPG', '', ''),
(56, 13, 'Aachi fish fry masala', 50, 50, 50, 2, '100', '1', '200', 5, '', 'product/ACHI_FISH_FRY_MASALA.JPG', 'product/ACHI_FISH_FRY_MSALA.JPG', '', ''),
(57, 13, 'Aachi idly chilli powder', 50, 50, 50, 2, '100', '1', '200', 5, '', 'product/ACHI_IDLY_CHILLEY_POWDER_7gvL2TI.JPG', 'product/ACHI_IDLY_CHILLEY_POWDER_ZPQE7em.JPG', '', ''),
(58, 13, 'Aachi kulambu chilli masala', 50, 50, 50, 2, '100', '1', '200', 5, '', 'product/ACHI_KULAMBH_MASALA.JPG', 'product/ACHI_KULAMBHA_MASALA.JPG', '', ''),
(59, 13, 'Aachi lemon rice powder', 50, 50, 50, 2, '100', '1', '200', 5, '', 'product/ACHI_LEMON_RICE_POWDER.JPG', 'product/ACHI_LEMON_RICE_POWDEER.JPG', '', ''),
(60, 13, 'Aachi lime pickle', 50, 50, 50, 2, '100', '1', '200', 5, '', 'product/ACHI_LIME_PICKLE.JPG', 'product/ACHI_LIME_PICKLE_2.JPG', '', ''),
(61, 13, 'Aachi mango avakkai pickle', 50, 50, 50, 2, '100', '1', '200', 5, '', 'product/ACHI_MANGO_AVAKAI_PICKLE.JPG', 'product/ACHI_MANGO_AVAKAI_PICKLE_2.JPG', '', ''),
(62, 13, 'Aachi mixed veg pickle', 50, 50, 50, 2, '45', '1', '200', 5, '', 'product/ACHI_MIXED_VEGETABLE_PICKLE.JPG', 'product/ACHI_MIXED_VEGETABLE_PICKLE_2.JPG', '', ''),
(63, 13, 'Aachi mutton masala', 50, 50, 50, 2, '100', '1', '200', 5, '', 'product/ACHI_MUTTON_MASALA.JPG', 'product/ACHI_MUTTON_MASALA_3.JPG', '', ''),
(64, 13, 'Aachi rasam powder', 50, 50, 50, 2, '100', '1', '200', 5, '', 'product/ACHI_RASAMA_POWDER.JPG', 'product/ACHI_RASAM_POWDER_2.JPG', '', ''),
(65, 13, 'Aachi sambar powder', 50, 50, 50, 2, '50', '1', '200', 5, '', 'product/ACHI_SAMBAR_POWDER.JPG', 'product/ACHI_SAMBAR_POWDER_3.JPG', '', ''),
(69, 12, 'Rajan Special Coffee', 50, 50, 50, NULL, '125', '250Gms', '', 5, NULL, 'product/IMG_20190817_161300.jpg', 'product/IMG_20190817_161300_XhRf1IJ.jpg', NULL, ''),
(70, 12, 'Cothas coffee', 50, 50, 50, 2, '35', '20', '100', 3, NULL, 'product/98.JPG', '', NULL, ''),
(71, 17, 'Coconut crusher machine', 20, 20, 20, 2, '100', '20', '250', 2, NULL, 'product/101.JPG', '', NULL, ''),
(72, 17, 'Dheepam lamp oil', 25, 25, 25, 2, '150', '10', '500', 2, NULL, 'product/113.JPG', '', NULL, ''),
(73, 14, 'BANANA', 50, 50, 100, 2, '40', '50', '500', 2, NULL, 'product/72.JPG', '', NULL, ''),
(74, 9, 'BOONDI LADU', 75, 75, 50, 2, '30', '50', '100', 5, NULL, 'product/73.JPG', '', NULL, ''),
(75, 11, 'ASWINI HAIR OIL', 80, 75, 50, 2, '180', '50', '100', 4, NULL, 'product/68.JPG', '', NULL, ''),
(76, 15, 'AMBIKA APPLAM', 80, 80, 80, 2, '70', '50', '200', 2, NULL, 'product/50.JPG', '', NULL, ''),
(77, 15, 'ANIL APPLAM', 80, 80, 50, 2, '70', '50', '100', 2, NULL, 'product/55.JPG', '', NULL, ''),
(78, 15, 'ANIL RAGI VERMICELLI', 80, 100, 100, 2, '20', '180', '100', 2, NULL, 'product/56.JPG', '', NULL, ''),
(79, 15, 'ANIL RICE VERMICEILLI', 80, 75, 100, 2, '26', '200', '100', 2, NULL, 'product/59.JPG', '', NULL, ''),
(80, 15, 'ANIL ROASTED VERMICELLI', 100, 100, 100, 2, '41', '450', '120', 2, NULL, 'product/61.JPG', '', NULL, ''),
(81, 15, 'BAMBINO ROASTED VERMICELLI', 200, 200, 200, 2, '55', '400', '150', 2, NULL, 'product/69.JPG', '', NULL, ''),
(82, 13, 'ARITHA POWDER', 150, 150, 100, 2, '60', '200', '150', 2, NULL, 'product/65.JPG', '', NULL, ''),
(83, 13, 'AACHI TURMERIC POWDER', 200, 200, 200, 2, '45', '200', '100', 2, NULL, 'product/47.JPG', '', NULL, ''),
(84, 13, 'AACHI TOMATO RICE POWDER', 200, 200, 150, 2, '45', '200', '100', 2, NULL, 'product/44.JPG', '', NULL, ''),
(85, 12, 'Rajan Special Tea', 50, 50, 50, NULL, '60', '250', '250', 5, NULL, 'product/IMG_20190817_161319.jpg', 'product/IMG_20190817_161236.jpg', NULL, ''),
(86, 9, 'Pavakai Vadam', 50, 50, 50, NULL, '100', '50', '50', 5, NULL, 'product/IMG_20190821_125423.jpg', 'product/IMG_20190821_125423_LADGhE1.jpg', NULL, ''),
(87, 15, 'Ellu Urundai', 50, 50, 50, NULL, '50', '50', '100', 5, NULL, '', '', NULL, ''),
(88, 15, 'Andhra Murukku', 50, 50, 50, NULL, '45.00', '150', '150', 5, NULL, '', '', NULL, ''),
(89, 15, 'Kadala Urundai', 50, 50, 50, NULL, '50', '200', '200', 5, NULL, '', '', NULL, ''),
(90, 15, 'Tapioca Chips(plain)', 50, 50, 50, NULL, '50', '200', '200', 5, NULL, '', '', NULL, ''),
(91, 15, 'Tapioca Chips(stick)', 50, 50, 50, NULL, '200', '50', '50', 5, NULL, '', '', NULL, ''),
(92, 15, 'Tapioca Chips(masala)', 50, 50, 50, NULL, '200', '50', '50', 5, NULL, '', '', NULL, ''),
(93, 15, 'ElluUrundai(Black)', 50, 50, 50, NULL, '60', '200', '200', 5, NULL, '', '', NULL, ''),
(94, 15, 'Garlic Chilli Murukku', 50, 50, 50, NULL, '45', '150', '150', 5, NULL, '', '', NULL, ''),
(95, 15, 'Manaparai Chilli Murukku', 50, 50, 50, NULL, '45', '150', '150', 5, NULL, '', '', NULL, ''),
(96, 15, 'Jackfruit chips', 50, 50, 50, NULL, '70', '200', '200', 5, NULL, '', '', NULL, ''),
(97, 15, 'Achappam', 50, 50, 50, NULL, '30', '1', '1', 5, NULL, '', '', NULL, ''),
(98, 12, 'Narasu Insta Strong', 50, 50, 50, NULL, '85.00', '50', '50', 5, NULL, '', '', NULL, ''),
(99, 14, 'Ulli', 50, 50, 50, NULL, '120.00', '1000', '1Kg', 5, NULL, '', '', NULL, ''),
(100, 13, 'LG (Powder)Asafoetida', 50, 50, 50, NULL, '75', '50', '50', 5, NULL, '', '', NULL, ''),
(101, 13, '777 Madras Sambar Powder', 50, 50, 50, NULL, '60', '100', '100', 5, NULL, '', '', NULL, ''),
(102, 17, 'Aachi Ghee', 50, 50, 50, NULL, '275.00', '500m1', '500m1', 5, NULL, '', '', NULL, ''),
(103, 17, 'Sriram Appalam(urid)', 50, 50, 50, NULL, '120.00', '300', '300gm', 5, NULL, '', '', NULL, ''),
(104, 17, 'Manna Health Mix', 50, 50, 50, NULL, '245.00', '500', '500gms', 5, NULL, '', '', NULL, ''),
(105, 15, 'Adhirasam', 50, 50, 50, NULL, '280', '1000gms', '1 kg', 5, NULL, '', '', NULL, ''),
(106, 17, 'Anil  Aromatic Flour', 50, 50, 50, NULL, '50', '500gms', '500gms', 5, NULL, '', '', NULL, ''),
(107, 17, 'Anil Tamarind Vermicelli', 50, 50, 50, NULL, '35.00', '200gms', '200gms', 5, NULL, '', '', NULL, ''),
(108, 17, 'Brahmins Puttu Podi', 50, 50, 50, NULL, '57.00', '500gms', '500gms', 5, NULL, '', '', NULL, ''),
(109, 17, 'Dragons Rice sevai', 50, 50, 50, NULL, '40.00', '200gms', '200gms', 5, NULL, '', '', NULL, ''),
(110, 17, 'Nirapara Chemba Puttupodi', 50, 50, 50, NULL, '59.00', '500gms', '500gms', 5, NULL, '', '', NULL, ''),
(111, 17, 'Nirapara White Puttu Podi', 50, 50, 50, NULL, '50.00', '500gms', '500 gms', 5, NULL, '', '', NULL, ''),
(112, 17, 'Manna Rice Sevai', 50, 50, 50, NULL, '45.00', '200', '200gms', 5, NULL, '', '', NULL, ''),
(113, 17, 'South Indian Lungi', 50, 50, 50, NULL, '280.00', '2.25mts', '2.25mts', 5, NULL, '', '', NULL, ''),
(114, 17, 'Settu Mundu', 50, 50, 50, NULL, '650', '1 nos', '1 number', 5, NULL, '', '', NULL, ''),
(115, 9, 'Rajan Special Sambar Powder', 50, 50, 50, NULL, '400.00', '1000gms', '1Kg', 5, NULL, '', '', NULL, ''),
(116, 9, 'Rajan Special Rasam Powder', 50, 50, 50, NULL, '700', '1000gms', '1Kg', 5, NULL, '', '', NULL, ''),
(117, 17, 'Kalpooram(Camphor)', 50, 50, 50, NULL, '80.00', '40gms', '40gms', 5, NULL, '', '', NULL, ''),
(118, 17, 'Papadam', 50, 50, 50, NULL, '40.00', '60nos', '60nos', 5, NULL, '', '', NULL, ''),
(119, 17, 'Papadam', 50, 50, 50, NULL, '50.00', '34nos', '34nos', 5, NULL, '', '', NULL, ''),
(120, 17, 'Papadam', 50, 50, 50, NULL, '20.00', '30 nos', '30 nos', 5, NULL, '', '', NULL, ''),
(121, 17, 'Pavizham Matta Raw Rice', 50, 50, 50, NULL, '82.00', '1000gms', '1Kg', 5, NULL, '', '', NULL, ''),
(122, 17, 'Tilnad Gingelly Oil', 50, 50, 50, NULL, '185.00', '500ml', '500ml', 5, NULL, '', '', NULL, ''),
(123, 17, 'Nirapara Appam Idiyappam Podi', 50, 50, 50, NULL, '49.00', '500gms', '500 gms', 5, NULL, '', '', NULL, ''),
(124, 17, 'Double Horse Mango Pickle', 50, 50, 50, NULL, '36.00', '200gms', '200gms', 5, NULL, '', '', NULL, ''),
(125, 17, 'Milma Ghee', 50, 50, 50, NULL, '142.00', '200gms', '200gms', 5, NULL, '', '', NULL, ''),
(126, 17, 'Milma Ghee', 50, 50, 50, NULL, '345.00', '500gms', '500gms', 5, NULL, '', '', NULL, ''),
(127, 17, 'Double Horse Roasted Rava', 50, 50, 50, NULL, '59.00', '500gms', '500gms', 5, NULL, '', '', NULL, ''),
(128, 13, 'Brahmins Sambar Powder', 50, 50, 50, NULL, '47.00', '100gms', '100gms', 5, NULL, '', '', NULL, ''),
(129, 13, 'Nirapara Sambar Powder', 50, 50, 50, NULL, '42.00', '100gms', '100gms', 5, NULL, '', '', NULL, ''),
(130, 13, 'Eastern Coriander Powder', 50, 50, 50, NULL, '30.00', '100gms', '100gms', 5, NULL, '', '', NULL, ''),
(131, 13, 'Eastern Fish Masala', 50, 50, 50, NULL, '45.00', '100', '100', 5, NULL, '', '', NULL, ''),
(132, 11, 'Rose water', 50, 50, 50, NULL, '45.00', '200ml', '200ml', 5, NULL, '', '', NULL, ''),
(133, 11, 'Rose Water', 50, 50, 50, NULL, '110.00', '600ml', '600ml', 5, NULL, '', '', NULL, ''),
(134, 11, 'Rose Water', 50, 50, 50, NULL, '140.00', '1000ml', '1 lt', 5, NULL, '', '', NULL, ''),
(135, 17, 'Pavakkai Vadam(Karela Chips)', 50, 50, 50, NULL, '45.00', '100gms', '100gms', 5, NULL, '', '', NULL, ''),
(136, 15, 'Karanji', 50, 50, 50, NULL, '10``', '10', '10', 5, NULL, '', '', NULL, ''),
(137, 17, 'Kuzhal Appam', 50, 50, 50, NULL, '50.00', '200gms', '200gms', 5, NULL, '', '', NULL, ''),
(138, 15, 'Masala Kadalai(peanuts)', 50, 50, 50, NULL, '50.00', '250gms', '250gms', 5, NULL, '', '', NULL, ''),
(139, 17, 'Chenai Chips', 50, 50, 50, NULL, '70.00', '200gms', '200gms', 5, NULL, '', '', NULL, ''),
(140, 13, 'MTR Idli/Dosa Chutney Powder', 50, 50, 50, NULL, '80.00', '200gms', '200gms', 5, NULL, '', '', NULL, ''),
(141, 9, 'Idli/Dpsa Chutney Powder', 50, 50, 50, NULL, '90.00', '200gms', '200gms', 5, NULL, '', '', NULL, ''),
(142, 9, 'Pudina Powder', 50, 50, 50, NULL, '90.00', '200gms', '200gms', 5, NULL, '', '', NULL, ''),
(143, 9, 'Kothamalli Powder', 50, 50, 50, NULL, '90.00', '200gms', '200gms', 5, NULL, '', '', NULL, ''),
(144, 11, 'Meera Shikakai powder', 50, 50, 50, NULL, '77.00', '100gms', '100gms', 5, NULL, '', '', NULL, ''),
(145, 17, 'Narasus Uppu Mangai', 50, 50, 50, NULL, '120.00', '500gms', '500gms', 5, NULL, '', '', NULL, ''),
(146, 17, 'Unda Vellam', 50, 50, 50, NULL, '140.00', '1000gms', '1kg', 5, NULL, '', '', NULL, ''),
(147, 15, 'Cheedai', 50, 50, 50, NULL, '50.00', '200gms', '200gms', 5, NULL, '', '', NULL, ''),
(148, 17, 'Double Horse Rice', 50, 50, 50, NULL, '320.00', '5 Kgs', '5 Kgs', 5, NULL, '', '', NULL, ''),
(149, 17, 'Nirapara Rice', 50, 50, 50, NULL, '298.00', '5 Kgs', '5Kgs', 5, NULL, '', '', NULL, ''),
(150, 17, 'Rajan special Boiled Rice', 50, 50, 50, NULL, '55.00', '100gms', '1 Kg', 5, NULL, '', '', NULL, '');

-- --------------------------------------------------------

--
-- Table structure for table `rajanstoreadmin_cart`
--

CREATE TABLE `rajanstoreadmin_cart` (
  `id` int(11) NOT NULL,
  `creation_date` datetime(6) NOT NULL,
  `checked_out` tinyint(1) NOT NULL
) ENGINE=InnoDB DEFAULT CHARSET=latin1;

-- --------------------------------------------------------

--
-- Table structure for table `rajanstoreadmin_item`
--

CREATE TABLE `rajanstoreadmin_item` (
  `id` int(11) NOT NULL,
  `quantity` int(10) UNSIGNED NOT NULL,
  `unit_price` decimal(18,2) NOT NULL,
  `object_id` int(10) UNSIGNED NOT NULL,
  `cart_id` int(11) NOT NULL,
  `content_type_id` int(11) NOT NULL
) ENGINE=InnoDB DEFAULT CHARSET=latin1;

-- --------------------------------------------------------

--
-- Table structure for table `tax`
--

CREATE TABLE `tax` (
  `id` int(11) NOT NULL,
  `name` varchar(200) DEFAULT NULL,
  `rate` int(11) DEFAULT NULL,
  `created_at` timestamp NULL DEFAULT CURRENT_TIMESTAMP
) ENGINE=InnoDB DEFAULT CHARSET=latin1;

--
-- Dumping data for table `tax`
--

INSERT INTO `tax` (`id`, `name`, `rate`, `created_at`) VALUES
(2, 'GST', 0, '2019-08-11 11:02:08');

--
-- Indexes for dumped tables
--

--
-- Indexes for table `address`
--
ALTER TABLE `address`
  ADD PRIMARY KEY (`id`);

--
-- Indexes for table `add_stock`
--
ALTER TABLE `add_stock`
  ADD PRIMARY KEY (`id`),
  ADD KEY `user` (`user`),
  ADD KEY `product` (`product`);

--
-- Indexes for table `auth_group`
--
ALTER TABLE `auth_group`
  ADD PRIMARY KEY (`id`),
  ADD UNIQUE KEY `name` (`name`);

--
-- Indexes for table `auth_group_permissions`
--
ALTER TABLE `auth_group_permissions`
  ADD PRIMARY KEY (`id`),
  ADD UNIQUE KEY `auth_group_permissions_group_id_permission_id_0cd325b0_uniq` (`group_id`,`permission_id`),
  ADD KEY `auth_group_permissio_permission_id_84c5c92e_fk_auth_perm` (`permission_id`);

--
-- Indexes for table `auth_permission`
--
ALTER TABLE `auth_permission`
  ADD PRIMARY KEY (`id`),
  ADD UNIQUE KEY `auth_permission_content_type_id_codename_01ab375a_uniq` (`content_type_id`,`codename`);

--
-- Indexes for table `auth_user`
--
ALTER TABLE `auth_user`
  ADD PRIMARY KEY (`id`),
  ADD UNIQUE KEY `username` (`username`);

--
-- Indexes for table `auth_user_groups`
--
ALTER TABLE `auth_user_groups`
  ADD PRIMARY KEY (`id`),
  ADD UNIQUE KEY `auth_user_groups_user_id_group_id_94350c0c_uniq` (`user_id`,`group_id`),
  ADD KEY `auth_user_groups_group_id_97559544_fk_auth_group_id` (`group_id`);

--
-- Indexes for table `auth_user_user_permissions`
--
ALTER TABLE `auth_user_user_permissions`
  ADD PRIMARY KEY (`id`),
  ADD UNIQUE KEY `auth_user_user_permissions_user_id_permission_id_14a6b632_uniq` (`user_id`,`permission_id`),
  ADD KEY `auth_user_user_permi_permission_id_1fbb5f2c_fk_auth_perm` (`permission_id`);

--
-- Indexes for table `branch`
--
ALTER TABLE `branch`
  ADD PRIMARY KEY (`branch_code`);

--
-- Indexes for table `cart`
--
ALTER TABLE `cart`
  ADD PRIMARY KEY (`id`),
  ADD KEY `user` (`user`);

--
-- Indexes for table `category`
--
ALTER TABLE `category`
  ADD PRIMARY KEY (`id`);

--
-- Indexes for table `customer`
--
ALTER TABLE `customer`
  ADD PRIMARY KEY (`user`);

--
-- Indexes for table `django_admin_log`
--
ALTER TABLE `django_admin_log`
  ADD PRIMARY KEY (`id`),
  ADD KEY `django_admin_log_content_type_id_c4bce8eb_fk_django_co` (`content_type_id`),
  ADD KEY `django_admin_log_user_id_c564eba6_fk_auth_user_id` (`user_id`);

--
-- Indexes for table `django_content_type`
--
ALTER TABLE `django_content_type`
  ADD PRIMARY KEY (`id`),
  ADD UNIQUE KEY `django_content_type_app_label_model_76bd3d3b_uniq` (`app_label`,`model`);

--
-- Indexes for table `django_migrations`
--
ALTER TABLE `django_migrations`
  ADD PRIMARY KEY (`id`);

--
-- Indexes for table `django_session`
--
ALTER TABLE `django_session`
  ADD PRIMARY KEY (`session_key`),
  ADD KEY `django_session_expire_date_a5c62663` (`expire_date`);

--
-- Indexes for table `entry`
--
ALTER TABLE `entry`
  ADD PRIMARY KEY (`id`),
  ADD KEY `product` (`product`),
  ADD KEY `cart` (`cart`);

--
-- Indexes for table `orders`
--
ALTER TABLE `orders`
  ADD PRIMARY KEY (`order_code`),
  ADD KEY `payment_mode` (`payment_mode`),
  ADD KEY `user` (`user`),
  ADD KEY `tax` (`tax`),
  ADD KEY `ordered_address` (`ordered_address`);

--
-- Indexes for table `orders_items`
--
ALTER TABLE `orders_items`
  ADD PRIMARY KEY (`id`),
  ADD KEY `order` (`orders`),
  ADD KEY `product` (`product`);

--
-- Indexes for table `payment`
--
ALTER TABLE `payment`
  ADD PRIMARY KEY (`id`);

--
-- Indexes for table `payment_and_order`
--
ALTER TABLE `payment_and_order`
  ADD PRIMARY KEY (`id`),
  ADD KEY `orders` (`orders`);

--
-- Indexes for table `product`
--
ALTER TABLE `product`
  ADD PRIMARY KEY (`id`),
  ADD KEY `category` (`category`),
  ADD KEY `branch` (`branch`),
  ADD KEY `tax` (`tax`);

--
-- Indexes for table `rajanstoreadmin_cart`
--
ALTER TABLE `rajanstoreadmin_cart`
  ADD PRIMARY KEY (`id`);

--
-- Indexes for table `rajanstoreadmin_item`
--
ALTER TABLE `rajanstoreadmin_item`
  ADD PRIMARY KEY (`id`),
  ADD KEY `rajanstoreadmin_item_cart_id_8427dbd0_fk_rajanstoreadmin_cart_id` (`cart_id`),
  ADD KEY `rajanstoreadmin_item_content_type_id_4b0b0a61_fk_django_co` (`content_type_id`);

--
-- Indexes for table `tax`
--
ALTER TABLE `tax`
  ADD PRIMARY KEY (`id`);

--
-- AUTO_INCREMENT for dumped tables
--

--
-- AUTO_INCREMENT for table `address`
--
ALTER TABLE `address`
  MODIFY `id` int(11) NOT NULL AUTO_INCREMENT, AUTO_INCREMENT=19;
--
-- AUTO_INCREMENT for table `add_stock`
--
ALTER TABLE `add_stock`
  MODIFY `id` int(11) NOT NULL AUTO_INCREMENT;
--
-- AUTO_INCREMENT for table `auth_group`
--
ALTER TABLE `auth_group`
  MODIFY `id` int(11) NOT NULL AUTO_INCREMENT;
--
-- AUTO_INCREMENT for table `auth_group_permissions`
--
ALTER TABLE `auth_group_permissions`
  MODIFY `id` int(11) NOT NULL AUTO_INCREMENT;
--
-- AUTO_INCREMENT for table `auth_permission`
--
ALTER TABLE `auth_permission`
  MODIFY `id` int(11) NOT NULL AUTO_INCREMENT, AUTO_INCREMENT=81;
--
-- AUTO_INCREMENT for table `auth_user`
--
ALTER TABLE `auth_user`
  MODIFY `id` int(11) NOT NULL AUTO_INCREMENT, AUTO_INCREMENT=27;
--
-- AUTO_INCREMENT for table `auth_user_groups`
--
ALTER TABLE `auth_user_groups`
  MODIFY `id` int(11) NOT NULL AUTO_INCREMENT;
--
-- AUTO_INCREMENT for table `auth_user_user_permissions`
--
ALTER TABLE `auth_user_user_permissions`
  MODIFY `id` int(11) NOT NULL AUTO_INCREMENT;
--
-- AUTO_INCREMENT for table `branch`
--
ALTER TABLE `branch`
  MODIFY `branch_code` int(11) NOT NULL AUTO_INCREMENT, AUTO_INCREMENT=6;
--
-- AUTO_INCREMENT for table `cart`
--
ALTER TABLE `cart`
  MODIFY `id` int(11) NOT NULL AUTO_INCREMENT, AUTO_INCREMENT=3;
--
-- AUTO_INCREMENT for table `category`
--
ALTER TABLE `category`
  MODIFY `id` int(11) NOT NULL AUTO_INCREMENT, AUTO_INCREMENT=18;
--
-- AUTO_INCREMENT for table `customer`
--
ALTER TABLE `customer`
  MODIFY `user` int(11) NOT NULL AUTO_INCREMENT, AUTO_INCREMENT=27;
--
-- AUTO_INCREMENT for table `django_admin_log`
--
ALTER TABLE `django_admin_log`
  MODIFY `id` int(11) NOT NULL AUTO_INCREMENT;
--
-- AUTO_INCREMENT for table `django_content_type`
--
ALTER TABLE `django_content_type`
  MODIFY `id` int(11) NOT NULL AUTO_INCREMENT, AUTO_INCREMENT=21;
--
-- AUTO_INCREMENT for table `django_migrations`
--
ALTER TABLE `django_migrations`
  MODIFY `id` int(11) NOT NULL AUTO_INCREMENT, AUTO_INCREMENT=17;
--
-- AUTO_INCREMENT for table `entry`
--
ALTER TABLE `entry`
  MODIFY `id` int(11) NOT NULL AUTO_INCREMENT, AUTO_INCREMENT=10;
--
-- AUTO_INCREMENT for table `orders`
--
ALTER TABLE `orders`
  MODIFY `order_code` int(11) NOT NULL AUTO_INCREMENT, AUTO_INCREMENT=27;
--
-- AUTO_INCREMENT for table `orders_items`
--
ALTER TABLE `orders_items`
  MODIFY `id` int(11) NOT NULL AUTO_INCREMENT, AUTO_INCREMENT=8;
--
-- AUTO_INCREMENT for table `payment`
--
ALTER TABLE `payment`
  MODIFY `id` int(11) NOT NULL AUTO_INCREMENT, AUTO_INCREMENT=2;
--
-- AUTO_INCREMENT for table `payment_and_order`
--
ALTER TABLE `payment_and_order`
  MODIFY `id` int(11) NOT NULL AUTO_INCREMENT;
--
-- AUTO_INCREMENT for table `product`
--
ALTER TABLE `product`
  MODIFY `id` int(11) NOT NULL AUTO_INCREMENT, AUTO_INCREMENT=151;
--
-- AUTO_INCREMENT for table `rajanstoreadmin_cart`
--
ALTER TABLE `rajanstoreadmin_cart`
  MODIFY `id` int(11) NOT NULL AUTO_INCREMENT;
--
-- AUTO_INCREMENT for table `rajanstoreadmin_item`
--
ALTER TABLE `rajanstoreadmin_item`
  MODIFY `id` int(11) NOT NULL AUTO_INCREMENT;
--
-- AUTO_INCREMENT for table `tax`
--
ALTER TABLE `tax`
  MODIFY `id` int(11) NOT NULL AUTO_INCREMENT, AUTO_INCREMENT=3;
--
-- Constraints for dumped tables
--

--
-- Constraints for table `auth_group_permissions`
--
ALTER TABLE `auth_group_permissions`
  ADD CONSTRAINT `auth_group_permissio_permission_id_84c5c92e_fk_auth_perm` FOREIGN KEY (`permission_id`) REFERENCES `auth_permission` (`id`),
  ADD CONSTRAINT `auth_group_permissions_group_id_b120cbf9_fk_auth_group_id` FOREIGN KEY (`group_id`) REFERENCES `auth_group` (`id`);

--
-- Constraints for table `auth_permission`
--
ALTER TABLE `auth_permission`
  ADD CONSTRAINT `auth_permission_content_type_id_2f476e4b_fk_django_co` FOREIGN KEY (`content_type_id`) REFERENCES `django_content_type` (`id`);

--
-- Constraints for table `auth_user_groups`
--
ALTER TABLE `auth_user_groups`
  ADD CONSTRAINT `auth_user_groups_group_id_97559544_fk_auth_group_id` FOREIGN KEY (`group_id`) REFERENCES `auth_group` (`id`),
  ADD CONSTRAINT `auth_user_groups_user_id_6a12ed8b_fk_auth_user_id` FOREIGN KEY (`user_id`) REFERENCES `auth_user` (`id`);

--
-- Constraints for table `auth_user_user_permissions`
--
ALTER TABLE `auth_user_user_permissions`
  ADD CONSTRAINT `auth_user_user_permi_permission_id_1fbb5f2c_fk_auth_perm` FOREIGN KEY (`permission_id`) REFERENCES `auth_permission` (`id`),
  ADD CONSTRAINT `auth_user_user_permissions_user_id_a95ead1b_fk_auth_user_id` FOREIGN KEY (`user_id`) REFERENCES `auth_user` (`id`);

--
-- Constraints for table `cart`
--
ALTER TABLE `cart`
  ADD CONSTRAINT `cart_ibfk_1` FOREIGN KEY (`user`) REFERENCES `auth_user` (`id`) ON DELETE CASCADE ON UPDATE CASCADE;

--
-- Constraints for table `django_admin_log`
--
ALTER TABLE `django_admin_log`
  ADD CONSTRAINT `django_admin_log_content_type_id_c4bce8eb_fk_django_co` FOREIGN KEY (`content_type_id`) REFERENCES `django_content_type` (`id`),
  ADD CONSTRAINT `django_admin_log_user_id_c564eba6_fk_auth_user_id` FOREIGN KEY (`user_id`) REFERENCES `auth_user` (`id`);

--
-- Constraints for table `entry`
--
ALTER TABLE `entry`
  ADD CONSTRAINT `entry_ibfk_1` FOREIGN KEY (`product`) REFERENCES `product` (`id`) ON DELETE CASCADE ON UPDATE CASCADE,
  ADD CONSTRAINT `entry_ibfk_2` FOREIGN KEY (`cart`) REFERENCES `cart` (`id`) ON DELETE CASCADE ON UPDATE CASCADE;

--
-- Constraints for table `orders`
--
ALTER TABLE `orders`
  ADD CONSTRAINT `orders_ibfk_1` FOREIGN KEY (`tax`) REFERENCES `tax` (`id`) ON DELETE NO ACTION ON UPDATE NO ACTION,
  ADD CONSTRAINT `orders_ibfk_2` FOREIGN KEY (`payment_mode`) REFERENCES `payment` (`id`) ON DELETE CASCADE ON UPDATE CASCADE,
  ADD CONSTRAINT `orders_ibfk_3` FOREIGN KEY (`ordered_address`) REFERENCES `address` (`id`) ON DELETE CASCADE ON UPDATE CASCADE;

--
-- Constraints for table `orders_items`
--
ALTER TABLE `orders_items`
  ADD CONSTRAINT `orders_items_ibfk_1` FOREIGN KEY (`orders`) REFERENCES `orders` (`order_code`) ON DELETE CASCADE ON UPDATE CASCADE,
  ADD CONSTRAINT `orders_items_ibfk_2` FOREIGN KEY (`product`) REFERENCES `product` (`id`) ON DELETE CASCADE ON UPDATE CASCADE;

--
-- Constraints for table `product`
--
ALTER TABLE `product`
  ADD CONSTRAINT `product_ibfk_1` FOREIGN KEY (`category`) REFERENCES `category` (`id`) ON DELETE CASCADE ON UPDATE CASCADE,
  ADD CONSTRAINT `product_ibfk_2` FOREIGN KEY (`branch`) REFERENCES `branch` (`branch_code`) ON DELETE CASCADE ON UPDATE CASCADE,
  ADD CONSTRAINT `product_ibfk_3` FOREIGN KEY (`tax`) REFERENCES `tax` (`id`) ON DELETE NO ACTION ON UPDATE NO ACTION;

--
-- Constraints for table `rajanstoreadmin_item`
--
ALTER TABLE `rajanstoreadmin_item`
  ADD CONSTRAINT `rajanstoreadmin_item_cart_id_8427dbd0_fk_rajanstoreadmin_cart_id` FOREIGN KEY (`cart_id`) REFERENCES `rajanstoreadmin_cart` (`id`),
  ADD CONSTRAINT `rajanstoreadmin_item_content_type_id_4b0b0a61_fk_django_co` FOREIGN KEY (`content_type_id`) REFERENCES `django_content_type` (`id`);

/*!40101 SET CHARACTER_SET_CLIENT=@OLD_CHARACTER_SET_CLIENT */;
/*!40101 SET CHARACTER_SET_RESULTS=@OLD_CHARACTER_SET_RESULTS */;
/*!40101 SET COLLATION_CONNECTION=@OLD_COLLATION_CONNECTION */;
